"","Row.names","Usuario1","Usuario2","Usuario3","Usuario4","Usuario5"
"1","‚ñ",0,0,1,3,5
"2","‚Ä",0,0,2,4,10
"3","‚Äù",0,0,1,1,0
"4","„áok",0,0,0,1,1
"5","„âl",0,0,1,0,4
"6","„âstas",0,0,1,0,1
"7","‚ù",0,0,1,0,2
"8","„Ålvarez",0,0,0,1,1
"9","a„",0,0,14,23,10
"10","‚‚",0,0,1,2,2
"11","‚a„n",0,0,0,1,1
"12","a„n",0,0,9,0,4
"13","abrazar",0,0,8,1,0
"14","abrazo",0,1,2,0,0
"15","abre",0,1,0,0,1
"16","abreu",0,1,0,3,0
"17","absolutely",0,1,0,0,2
"18","absorber",0,1,0,1,0
"19","abusos",1,1,0,0,1
"20","ac·",1,1,0,0,0
"21","acaba",0,1,1,0,0
"22","acabar",0,1,1,0,1
"23","academia",1,0,0,2,0
"24","ac‰km‰Âˇ",0,0,0,1,1
"25","‚c„mo",0,0,2,0,1
"26","acceso",0,1,1,1,0
"27","acci„n",0,0,20,1,0
"28","acciones",0,1,0,1,0
"29","acepta",1,0,1,0,0
"30","acerca",0,2,1,0,0
"31","acertadas",1,0,0,0,1
"32","acogedor",1,0,1,0,0
"33","acompa„arnos",0,0,1,1,0
"34","‚comparte",0,0,1,1,1
"35","acopio",1,0,0,1,0
"36","acorde",0,0,0,2,1
"37","action",1,0,1,0,0
"38","actitud",0,1,1,2,0
"39","activos",0,1,0,1,1
"40","actores",2,0,0,0,1
"41","actos",0,1,1,0,0
"42","actually",0,0,0,1,1
"43","acuerdo",11,1,0,4,0
"44","ad",0,0,0,1,3
"45","adelante",2,0,9,0,2
"46","adentro",0,28,1,1,1
"47","adicional",1,0,0,4,0
"48","adoptar",0,1,6,0,0
"49","adultos",1,1,0,0,0
"50","afecta",1,0,0,3,0
"51","afectados",1,0,0,2,0
"52","afecto",0,0,1,0,1
"53","africa",2,0,1,0,0
"54","agarr„",0,0,8,0,1
"55","age",1,0,1,0,0
"56","agencia",0,0,0,2,1
"57","agon„",0,0,1,1,0
"58","agosto",0,0,0,3,1
"59","agradecidos",0,1,0,1,0
"60","agradezco",0,0,2,0,1
"61","agresiones",2,0,0,1,0
"62","agua",12,2,0,44,1
"63","ah",5,0,0,0,4
"64","ahaha",2,0,0,0,5
"65","ahi",0,0,0,1,1
"66","ahora",10,4,8,3,7
"67","aire",0,1,0,3,1
"68","aja",2,0,0,0,1
"69","aka",0,1,0,1,1
"70","„l",0,0,3,0,2
"71","alberto",2,0,0,2,2
"72","album",2,0,0,5,4
"73","alcanzar",1,0,0,1,0
"74","alegr„",0,0,7,3,1
"75","aleja",0,1,0,1,0
"76","alejados",0,1,1,0,0
"77","alejandro",1,1,0,7,0
"78","alekxey",0,1,0,1,0
"79","alexander",3,0,0,1,1
"80","alguien",4,3,2,4,2
"81","alg˙n",2,2,0,0,0
"82","alguna",2,1,0,0,1
"83","aliento",2,0,0,1,0
"84","alimentos",2,2,6,2,1
"85","all„",0,0,1,5,2
"86","alla",0,0,0,1,5
"87","alle",0,0,0,1,2
"88","alma",1,1,4,1,1
"89","almas",0,0,1,0,1
"90","alrededor",0,0,1,0,2
"91","also",3,0,0,0,2
"92","alta",1,0,0,0,1
"93","„ltima",0,0,1,1,0
"94","„ltimos",0,0,6,2,2
"95","alto",0,0,1,1,2
"96","alvarado",0,0,6,0,1
"97","ama",2,0,8,0,0
"98","amaba",2,0,1,0,0
"99","aman",0,1,0,0,1
"100","am„rica",0,0,6,3,3
"101","amar",1,0,2,1,1
"102","amas",1,0,2,2,1
"103","amazing",1,1,1,2,3
"104","amazon",1,0,6,3,0
"105","ambiente",1,0,2,0,0
"106","amen",1,3,0,9,0
"107","ameno",0,1,0,1,1
"108","america",0,0,1,1,1
"109","amÈrica",2,1,0,0,0
"110","american",0,0,1,1,4
"111","amiga",2,1,1,7,4
"112","amigas",0,0,0,2,2
"113","amigo",3,0,1,1,5
"114","amigos",9,90,13,5,6
"115","amigs",2,0,0,0,1
"116","amo",2,0,1,7,3
"117","amolaplaya",0,28,0,0,1
"118","amor",6,4,58,10,6
"119","ana",0,2,6,4,3
"120","anciano",0,0,1,0,1
"121","ancianos",1,1,1,0,0
"122","andar",1,0,0,1,0
"123","ande",2,0,0,0,1
"124","anden",0,1,0,1,0
"125","andrea",2,0,2,0,3
"126","andreina",0,0,0,1,1
"127","andres",0,0,1,5,1
"128","angel",0,0,0,2,1
"129","angie",0,1,0,1,0
"130","angustia",1,0,6,0,0
"131","ani",1,0,1,0,1
"132","„nico",0,0,6,0,2
"133","animal",5,32,8,4,0
"134","animales",4,0,2,2,1
"135","animar",1,0,6,0,0
"136","·nimo",1,1,0,0,0
"137","anota",1,1,0,1,0
"138","another",2,29,0,0,2
"139","„ntegra",0,0,0,1,1
"140","anthony",0,0,1,1,3
"141","antisociales",1,0,0,1,2
"142","antonio",1,0,7,1,2
"143","aÒo",5,1,0,0,0
"144","aÒos",15,2,0,0,0
"145","‚úî",0,0,6,1,1
"146","aplicaciones",0,1,0,1,0
"147","apoyando",1,0,0,0,1
"148","apoyo",1,0,0,2,1
"149","aprendan",1,0,1,0,1
"150","aprender",2,0,0,5,0
"151","aprendido",1,0,2,0,0
"152","aprendizaje",1,0,0,0,1
"153","aprovechen",0,1,0,0,1
"154","apure",1,0,0,2,0
"155","aqu„",0,0,18,13,8
"156","‚qu„",0,0,25,4,7
"157","aquella",0,2,0,1,1
"158","aquellas",1,0,1,0,0
"159","aquellos",3,1,11,1,0
"160","aquÌ",10,6,0,0,0
"161","aqui",5,1,0,3,2
"162","‚qui„n",0,0,2,1,2
"163","archivo",0,0,1,1,0
"164","ardido",2,0,0,0,1
"165","art„stico",0,0,0,1,1
"166","ar",0,0,1,0,1
"167","arco",2,0,0,1,2
"168","argentina",2,0,5,0,3
"169","argentino",1,0,1,0,1
"170","ariel",1,0,0,0,1
"171","armas",0,1,1,0,2
"172","armon„",0,0,0,1,1
"173","arquero",1,0,0,0,1
"174","arrecho",0,0,0,7,1
"175","arriba",0,0,16,1,0
"176","art",0,0,0,1,2
"177","arte",0,0,12,5,2
"178","artista",2,0,7,5,1
"179","as„",0,0,15,14,15
"180","asi",3,0,2,9,11
"181","asÌ",16,39,0,0,0
"182","asistente",1,0,0,1,0
"183","asistir",0,1,0,1,1
"184","asked",0,0,0,1,1
"185","„önete",0,0,0,1,2
"186","„ste",0,0,1,1,0
"187","atado",1,1,0,0,0
"188","ataques",1,0,1,0,0
"189","atenci„ìn",0,0,0,1,1
"190","atenciÛn",3,1,0,0,0
"191","athena",1,1,0,0,0
"192","atracciones",1,1,0,0,0
"193","atraco",1,0,0,1,1
"194","atractivo",1,0,0,1,0
"195","atravesado",0,28,0,0,1
"196","atreva",1,0,1,0,0
"197","‚ô",0,0,1,0,5
"198","aula",0,0,1,2,0
"199","aun",3,1,0,0,0
"200","a˙n",3,1,0,0,0
"201","aunque",5,1,0,0,0
"202","‚ustedes",0,0,0,1,1
"203","australia",1,0,0,1,0
"204","auto",3,0,0,0,1
"205","autopista",0,0,0,1,1
"206","autoridades",0,0,2,1,0
"207","available",0,0,1,3,0
"208","avenida",3,0,0,0,1
"209","avÌsanos",1,3,0,0,0
"210","avisaremos",1,0,0,1,0
"211","aw",0,0,1,0,2
"212","away",1,0,1,1,0
"213","awesome",2,1,6,4,1
"214","ayudar",1,0,2,0,0
"215","ayudar„",0,0,1,2,0
"216","ay",2,2,0,0,3
"217","ayer",2,0,0,1,0
"218","ayuda",12,0,1,6,0
"219","az„car",0,0,0,1,3
"220","babies",1,28,0,0,0
"221","baby",0,1,0,0,1
"222","back",2,0,0,1,1
"223","bae",1,0,0,1,0
"224","baile",0,1,0,1,0
"225","b„isbol",0,0,2,1,0
"226","baje",1,0,0,1,0
"227","bajo",2,2,1,2,4
"228","ball",5,28,0,1,1
"229","bancaria",0,0,0,1,1
"230","banco",4,1,0,5,11
"231","banda",4,1,1,1,2
"232","bandera",3,0,0,1,0
"233","barcelona",0,0,1,0,2
"234","barquisimeto",0,0,6,2,0
"235","barrios",1,0,0,1,1
"236","base",1,0,6,0,1
"237","b„sicos",0,0,1,0,1
"238","basta",0,1,2,0,0
"239","bastante",2,1,0,2,1
"240","batir",0,0,0,2,1
"241","bcv",0,1,0,2,0
"242","be",1,1,0,1,0
"243","beat",2,0,0,0,3
"244","beautiful",6,3,0,1,2
"245","bebe",3,2,0,0,1
"246","beber",2,0,0,0,2
"247","bella",0,1,8,0,4
"248","bellas",2,0,0,1,0
"249","belleza",0,0,3,5,1
"250","bello",2,1,2,8,6
"251","bem",1,0,0,1,0
"252","bendiciones",1,0,9,0,0
"253","bene",2,0,0,0,1
"254","bernal",0,1,0,1,0
"255","best",3,1,2,2,3
"256","biblioteca",3,0,0,1,0
"257","bien",11,5,19,4,5
"258","bienvenida",0,0,4,6,0
"259","big",1,0,0,0,1
"260","bijoy",1,0,0,0,1
"261","billete",0,1,0,2,1
"262","bitlykfacetv",1,0,0,0,1
"263","black",2,0,0,0,1
"264","blanco",1,0,0,1,1
"265","blew",1,0,0,1,0
"266","blod",0,0,1,1,0
"267","blog",0,1,6,0,0
"268","bloquean",0,1,0,1,0
"269","boats",1,0,0,1,0
"270","bob",12,1,0,2,3
"271","bogota",2,0,0,1,0
"272","bok",4,0,0,0,1
"273","boks",0,1,0,1,0
"274","bolas",1,0,0,0,2
"275","bolivariano",1,0,0,0,1
"276","bolos",1,0,0,0,1
"277","bom",2,0,2,0,3
"278","bomba",2,0,0,0,1
"279","bonito",3,0,9,1,2
"280","boxing",0,0,0,1,1
"281","boy",1,0,0,3,2
"282","brandon",1,0,1,0,0
"283","brasil",0,2,1,2,2
"284","bravo",0,0,5,1,0
"285","brazilian",0,0,0,1,1
"286","brazos",1,1,1,0,0
"287","breve",0,0,5,1,0
"288","brilla",2,0,0,1,0
"289","brilliant",2,0,1,0,0
"290","brindan",0,1,1,1,0
"291","brisbane",0,1,0,1,1
"292","broma",0,1,0,2,1
"293","bronceadores",0,1,0,1,0
"294","brutal",1,1,0,2,2
"295","bs",0,0,20,7,0
"296","bsf",0,1,1,1,1
"297","buen„çsima",0,0,0,1,1
"298","buen",6,2,1,2,8
"299","buena",5,1,1,2,1
"300","buenas",2,0,0,2,3
"301","buenazo",2,0,0,0,1
"302","bueno",7,0,9,8,1
"303","buenos",4,1,2,5,1
"304","bulls",0,0,0,1,1
"305","busca",0,1,0,1,0
"306","busy",0,1,0,1,1
"307","cabeza",3,1,0,0,2
"308","cabo",0,1,0,0,2
"309","cabronazi",0,1,0,0,1
"310","cada",7,1,42,4,6
"311","cake",0,1,0,2,1
"312","calculadora",0,0,1,1,0
"313","calidad",0,3,2,1,0
"314","caliente",2,1,0,0,1
"315","called",1,0,0,0,2
"316","calor",4,1,0,0,0
"317","cambia",2,0,0,1,1
"318","cambiar",1,2,0,1,1
"319","cambiar„",0,0,2,1,0
"320","cambio",5,1,6,0,3
"321","cambios",0,1,2,0,0
"322","c„mera",0,0,0,1,1
"323","caminando",0,0,1,1,0
"324","caminar",2,0,0,0,1
"325","camino",2,0,1,1,0
"326","camioneta",0,1,0,1,0
"327","c„mo",0,0,9,2,0
"328","campa„",0,0,2,1,1
"329","campaign",0,0,1,1,0
"330","campaÒa",2,1,0,0,0
"331","campe„n",0,0,1,2,0
"332","campeÛn",5,1,0,0,0
"333","campeones",0,0,1,0,1
"334","can",7,1,2,2,2
"335","can‚Äôt",0,0,1,1,0
"336","cancha",3,1,1,0,0
"337","canci„n",0,0,14,2,2
"338","canciÛn",3,1,0,0,0
"339","canciones",2,2,0,1,2
"340","canta",1,0,0,1,0
"341","cantando",1,0,2,0,0
"342","cantidad",1,0,0,1,0
"343","caobos",0,0,0,2,1
"344","capaces",2,0,2,0,0
"345","capitulo",0,1,0,1,1
"346","capriles",0,1,6,0,0
"347","captain",0,1,1,1,1
"348","cara",0,1,6,3,1
"349","caracas",8,0,7,12,5
"350","carajo",0,1,0,2,1
"351","carbono",0,1,0,1,0
"352","c·rcel",1,1,0,0,0
"353","cargo",1,0,0,1,0
"354","cari„",0,0,0,2,2
"355","caribe",1,1,0,0,0
"356","carlos",3,0,1,8,3
"357","carolina",0,3,0,2,1
"358","carpas",0,0,0,1,1
"359","carpintero",0,0,1,0,1
"360","carrera",3,0,1,0,0
"361","carro",1,0,0,0,2
"362","carta",0,0,2,1,0
"363","cartas",0,0,1,0,1
"364","cartel",0,2,0,0,1
"365","cary",1,0,0,1,0
"366","casa",3,2,6,7,4
"367","casi",2,2,2,2,3
"368","caso",0,0,2,6,1
"369","castillo",0,1,0,2,1
"370","cat",18,0,0,1,2
"371","catalogado",0,1,0,1,1
"372","cats",0,0,0,1,1
"373","causa",3,2,1,2,0
"374","cc",1,0,0,1,0
"375","ccs",3,0,0,0,1
"376","ce",0,0,0,1,1
"377","cel",1,0,6,0,0
"378","celebrate",1,1,2,1,0
"379","central",0,1,0,2,0
"380","centro",0,0,1,5,0
"381","centros",1,0,0,1,0
"382","cercano",0,0,2,2,0
"383","cero",0,0,0,1,1
"384","cerveza",1,0,6,1,0
"385","cest",0,0,0,1,1
"386","cha",1,0,1,0,0
"387","chacao",1,0,0,0,1
"388","chacon",0,1,0,2,0
"389","chamada",1,0,0,1,0
"390","chanel",1,0,0,2,0
"391","chavista",0,0,6,0,1
"392","che",2,0,0,0,5
"393","cheap",0,0,1,0,1
"394","check",2,0,0,3,0
"395","chevere",0,1,0,0,1
"396","chiave",2,0,0,0,1
"397","chico",2,0,0,0,3
"398","chicos",1,0,1,0,0
"399","child",1,0,1,0,0
"400","children",3,1,6,2,1
"401","chile",5,0,6,5,0
"402","chingo",0,0,0,1,1
"403","chispotear",1,1,0,0,0
"404","chiste",0,0,17,1,1
"405","chose",0,0,1,1,0
"406","christian",2,0,0,1,2
"407","ci",2,0,0,0,1
"408","cielo",1,0,1,0,0
"409","ciencias",2,29,2,0,0
"410","cientos",1,1,0,0,0
"411","cierto",6,4,6,6,4
"412","cifra",0,1,0,1,0
"413","cima",0,0,1,2,0
"414","cinco",0,1,1,0,0
"415","cine",1,0,3,0,6
"416","circomega",5,2,6,3,1
"417","city",1,0,0,3,2
"418","ciudad",3,0,1,3,0
"419","ciudades",0,1,0,0,1
"420","civil",1,0,1,0,0
"421","claro",2,1,2,4,1
"422","clase",0,0,1,0,2
"423","claudio",0,0,2,0,1
"424","click",1,1,0,1,1
"425","clientes",1,0,0,0,2
"426","clip",0,0,0,2,1
"427","club",2,0,3,3,1
"428","clubes",1,0,0,0,1
"429","cne",1,2,0,2,2
"430","co„",0,0,1,0,1
"431","coca",1,0,6,0,0
"432","coche",0,0,1,0,1
"433","code",0,0,2,0,1
"434","cody",0,1,0,1,1
"435","coking",1,0,0,1,1
"436","col",1,0,6,0,2
"437","colaboraci„n",0,0,2,1,2
"438","cola",9,1,1,0,0
"439","colaborando",1,0,0,1,0
"440","colectiva",2,0,0,0,1
"441","colectivo",0,0,4,0,1
"442","colectivos",0,1,2,0,0
"443","colegio",0,2,1,1,0
"444","colmo",1,1,0,0,0
"445","colombia",0,1,0,1,0
"446","color",0,0,0,5,1
"447","colores",1,0,0,1,2
"448","com„n",0,0,6,0,1
"449","come„ar",0,0,0,1,1
"450","come",0,0,0,1,6
"451","comensales",1,0,0,1,0
"452","coment",0,0,6,1,0
"453","comenta",1,0,0,1,0
"454","comentario",0,0,9,5,1
"455","comentarios",1,1,2,0,0
"456","coments",1,0,0,2,0
"457","comenzar",1,0,1,0,0
"458","comenzÛ",1,2,0,0,0
"459","comer",4,0,0,3,2
"460","comercial",0,0,1,3,0
"461","cometemos",0,1,0,6,1
"462","comics",1,0,0,0,1
"463","comida",2,0,7,4,2
"464","comienzan",0,1,0,1,0
"465","coming",0,0,6,2,0
"466","cÛmo",3,3,0,0,0
"467","comp„Årtelo",0,0,8,0,1
"468","compartan",2,1,0,1,0
"469","comparte",6,3,3,22,11
"470","comp„rtela",0,0,0,1,1
"471","compartelo",1,0,0,0,1
"472","comp·rtelo",4,3,0,0,0
"473","comp„rtelo",0,0,0,3,1
"474","comparten",0,1,1,0,0
"475","compartido",1,0,0,1,1
"476","compartir",8,59,1,3,5
"477","compartirlo",0,0,1,1,0
"478","comparto",2,0,0,0,1
"479","compasiÛn",1,1,0,0,0
"480","competencia",0,1,0,0,1
"481","competitivo",1,0,0,1,0
"482","complejo",1,0,0,1,0
"483","complemento",0,0,2,1,0
"484","completa",1,1,0,1,1
"485","completamente",1,0,0,0,1
"486","completo",4,2,1,3,4
"487","complicado",0,0,0,1,1
"488","comprar",0,3,0,2,3
"489","compras",0,1,0,1,0
"490","comprobado",2,0,0,0,1
"491","comunidad",2,0,1,7,0
"492","comunidades",0,0,6,3,0
"493","comunista",1,0,0,1,0
"494","concept",1,0,0,1,0
"495","concierto",1,0,1,4,0
"496","condiciones",1,0,2,0,0
"497","conductor",0,0,12,0,1
"498","conforman",0,1,0,1,1
"499","congregaci„n",0,0,1,0,2
"500","conmigo",1,0,1,6,1
"501","conoce",2,1,2,0,1
"502","conocer",2,3,2,0,1
"503","conocimiento",1,0,1,0,1
"504","consejo",0,1,0,0,1
"505","consejos",1,0,1,1,0
"506","contacto",0,1,0,2,1
"507","contar",0,1,7,1,1
"508","contarlo",0,0,1,0,1
"509","contenido",2,1,0,1,4
"510","content",1,0,0,1,0
"511","contento",0,0,2,1,0
"512","contiene",1,0,0,1,0
"513","contigo",4,1,12,2,0
"514","contrario",1,0,1,0,0
"515","control",2,1,0,2,0
"516","convertido",0,0,6,1,0
"517","convicciÛn",2,1,0,0,0
"518","conviene",0,0,1,0,1
"519","copa",3,2,9,5,4
"520","coraz„n",0,0,24,2,3
"521","corazÛn",7,1,0,0,0
"522","corina",1,0,0,3,0
"523","corona",1,0,0,0,1
"524","corre",0,1,0,1,1
"525","correcta",2,0,0,5,0
"526","correr",2,1,0,0,1
"527","corresponsal",0,1,0,1,0
"528","corriendo",1,0,0,2,0
"529","corriente",1,28,1,0,1
"530","corrupciÛn",1,1,0,0,0
"531","corruptos",0,1,0,0,1
"532","cosa",1,0,6,4,1
"533","cosas",13,4,20,9,4
"534","costo",0,0,1,2,0
"535","cover",0,0,0,3,2
"536","crea",2,1,0,1,0
"537","creador",1,0,0,1,1
"538","crear",0,2,1,1,0
"539","created",0,0,1,1,0
"540","creative",1,0,0,0,1
"541","crece",0,0,6,1,0
"542","credit",1,2,1,3,4
"543","crÈditos",1,2,0,0,0
"544","cremas",0,1,0,1,0
"545","creo",4,0,1,0,0
"546","crer",3,0,0,1,4
"547","cres",1,1,1,0,1
"548","criollo",2,0,0,1,0
"549","crisis",1,2,0,0,1
"550","cristian",1,29,1,0,0
"551","cristiana",2,0,11,0,0
"552","cristo",1,27,19,1,0
"553","crowd",0,0,0,1,1
"554","cruel",0,1,0,0,1
"555","cruz",0,0,6,1,0
"556","csm",4,1,0,2,2
"557","cuadro",1,0,6,0,0
"558","cualquier",2,1,6,2,0
"559","cualquiera",0,0,8,0,1
"560","cuantas",0,0,8,1,1
"561","cuanto",2,0,0,1,3
"562","cu„nto",0,0,1,1,2
"563","cuantos",0,1,0,0,1
"564","cuarto",1,0,1,1,0
"565","cuatro",5,0,2,0,0
"566","cubiertas",0,1,0,1,1
"567","cucharadas",5,0,0,0,1
"568","cucharadita",2,0,0,1,0
"569","cuenta",4,7,16,1,1
"570","cuentas",0,0,0,1,1
"571","cuerpo",6,2,0,4,2
"572","cuerpos",1,0,0,1,1
"573","cuestiÛn",4,1,0,0,0
"574","cuidados",0,1,0,0,1
"575","cuidar",0,0,3,1,0
"576","culon",0,1,0,1,1
"577","culpa",0,0,6,3,0
"578","culpables",2,0,1,0,0
"579","cultura",0,0,2,0,2
"580","cumpleaÒos",2,1,0,0,0
"581","cumplieron",0,1,0,1,0
"582","cumplir",0,1,0,1,1
"583","cura",3,0,1,0,0
"584","curar",2,0,1,0,0
"585","curiosidades",1,0,7,0,1
"586","curioso",0,1,0,1,0
"587","cute",1,29,0,0,1
"588","cv",2,0,0,1,0
"589","da",2,2,30,5,13
"590","d„",0,0,41,21,18
"591","da„",0,0,3,1,0
"592","dado",1,0,1,2,1
"593","daily",0,1,0,0,1
"594","d„lar",0,0,1,2,0
"595","dale",2,2,0,10,9
"596","damos",0,0,14,1,0
"597","dan",2,0,0,0,5
"598","dance",0,0,0,1,4
"599","dando",1,1,0,1,2
"600","daniel",0,0,1,0,1
"601","dar",2,0,15,1,0
"602","darklord",0,0,0,1,1
"603","darle",5,34,7,4,15
"604","darwing",0,1,0,0,2
"605","das",4,0,0,1,3
"606","data",0,0,1,1,0
"607","dato",1,0,0,1,0
"608","datos",0,1,1,0,0
"609","david",2,0,0,0,6
"610","davidcomedia",0,0,0,1,1
"611","day",5,0,7,2,1
"612","days",1,0,0,0,1
"613","",0,0,0,1,1
"614","ÒÜ",0,0,0,1,1
"615","debate",0,0,1,0,1
"616","debemos",0,0,1,1,0
"617","deben",0,1,0,1,2
"618","deber„",0,0,0,1,1
"619","deberÌamos",1,1,0,0,0
"620","debe",0,2,0,1,0
"621","deberes",0,1,0,1,1
"622","debes",2,0,0,0,1
"623","debilidades",1,0,2,0,0
"624","debo",1,0,0,3,0
"625","dec„",0,0,2,0,1
"626","decidi„",0,0,8,1,0
"627","decimos",1,0,1,0,0
"628","decir",2,0,1,8,3
"629","declaraciones",1,0,1,0,0
"630","dedo",0,0,0,1,1
"631","dedos",6,0,0,0,1
"632","defensa",0,0,14,0,1
"633","deja",2,29,8,2,0
"634","dejan",0,0,0,2,1
"635","dejar",2,2,3,2,2
"636","dejes",1,0,1,1,0
"637","dejo",5,0,0,2,0
"638","delante",0,0,1,2,0
"639","demanda",1,1,0,1,0
"640","demas",0,1,0,0,1
"641","dem„s",0,0,3,2,2
"642","demasiado",2,0,3,3,4
"643","democracia",2,0,6,1,0
"644","democrats",1,0,0,0,1
"645","demuestra",1,0,1,6,0
"646","den",2,0,0,1,0
"647","dentro",1,1,0,0,1
"648","denuncia",0,0,4,3,0
"649","dep",0,1,0,4,3
"650","depender",1,0,0,0,1
"651","deporte",3,0,0,1,0
"652","derecha",0,0,8,0,1
"653","derecho",3,2,2,1,0
"654","derechos",1,1,2,1,1
"655","des",3,0,0,0,1
"656","desabastecimiento",1,2,0,1,0
"657","desactiva",0,0,0,1,1
"658","desarrollador",0,1,0,1,0
"659","desarrollo",0,2,1,4,0
"660","descaro",2,0,0,1,1
"661","deseo",1,0,0,1,0
"662","design",1,0,0,0,1
"663","desprecio",0,0,1,0,1
"664","despu„s",0,0,11,2,2
"665","despues",2,0,0,6,0
"666","despuÈs",1,1,0,0,0
"667","detalles",0,0,0,1,2
"668","detenerla",0,0,0,1,1
"669","detr„s",0,0,1,1,0
"670","deviantart",1,0,1,0,0
"671","di",2,0,1,0,15
"672","dia",4,0,2,0,5
"673","dÌa",18,12,0,0,0
"674","diana",0,1,0,1,0
"675","diario",5,0,0,0,2
"676","dÌas",8,2,0,0,0
"677","dias",2,1,0,1,1
"678","dibujar",1,0,0,1,0
"679","dibujos",0,2,0,1,0
"680","dice",6,0,2,6,3
"681","dicen",1,1,0,1,0
"682","dicho",0,0,1,1,0
"683","diciendo",1,1,0,0,1
"684","dictadura",1,0,1,1,0
"685","dientes",0,1,0,0,3
"686","dieron",1,0,1,0,0
"687","dieta",1,0,0,3,0
"688","dif„cil",0,0,1,0,1
"689","diferencia",0,1,0,0,2
"690","diferencias",2,0,7,0,1
"691","diferent",1,0,0,1,1
"692","diferente",1,28,0,0,2
"693","difÌcil",2,1,0,0,0
"694","diga",0,1,0,1,0
"695","digital",0,0,1,2,0
"696","dignidad",0,0,4,1,0
"697","digo",3,0,0,1,1
"698","dijo",3,0,3,5,6
"699","dinero",2,1,1,2,7
"700","dio",3,0,8,1,1
"701","dios",4,10,56,6,7
"702","dioxido",0,1,0,1,0
"703","dir·",1,1,0,0,0
"704","dir„",0,0,1,2,2
"705","disc„pulos",0,0,1,0,2
"706","disfraz„",0,0,0,1,1
"707","disney",0,0,0,2,3
"708","disparada",0,1,0,1,0
"709","disponible",1,0,1,3,0
"710","distintas",0,0,1,1,0
"711","disturb",1,0,0,1,0
"712","divorcio",0,0,1,0,1
"713","dj",1,0,0,1,1
"714","documental",1,0,2,0,0
"715","dog",1,0,0,1,1
"716","dogs",1,1,0,3,1
"717","dolores",4,0,1,0,0
"718","dominar",0,1,7,0,0
"719","domingo",2,0,4,0,2
"720","don‚Äôt",0,0,0,2,1
"721","donald",0,0,1,1,0
"722","dÛnde",3,2,0,0,0
"723","dontjudgechallenge",0,1,0,0,9
"724","doritos",1,0,0,0,1
"725","dormir",2,0,0,1,0
"726","dos",16,0,12,1,6
"727","doy",0,0,1,1,0
"728","dragon",2,1,0,1,1
"729","dragÛn",2,27,0,0,0
"730","dream",0,0,1,1,0
"731","droga",4,0,0,1,1
"732","drogas",2,0,0,0,2
"733","ds",0,1,0,1,0
"734","du",1,0,0,0,1
"735","duck",1,0,0,0,1
"736","duda",0,0,1,2,1
"737","due„",0,0,1,1,1
"738","duela",0,2,0,1,0
"739","dulce",1,1,0,10,0
"740","duro",2,2,6,0,0
"741","ˇÒÄÒÅÒèÒÅÒè",0,0,0,1,1
"742","ecco",1,0,0,0,1
"743","echan",1,0,8,0,0
"744","echo",1,0,0,2,1
"745","ecuador",0,0,20,1,0
"746","ecuamerica",0,1,0,1,2
"747","edad",8,1,0,0,0
"748","edici„n",0,0,2,1,2
"749","edificaciones",1,0,0,3,0
"750","edition",1,0,2,2,0
"751","eduardo",0,1,0,1,0
"752","efectivo",1,0,0,0,1
"753","efecto",0,1,6,1,0
"754","efectos",2,1,0,0,0
"755","eh",2,2,0,1,0
"756","ejemplo",3,0,1,0,0
"757","ejercer",0,2,1,1,1
"758","ejercicio",0,0,2,0,1
"759","elchocolatemencanta",1,3,0,0,0
"760","electoral",0,1,0,2,0
"761","elementos",0,1,1,1,0
"762","ello",1,0,0,0,1
"763","elspeth",0,0,0,1,1
"764","em",4,0,0,1,0
"765","emanuel",1,30,1,0,0
"766","embargo",5,0,0,3,1
"767","embellecedor",0,0,0,2,2
"768","emocionado",0,0,1,0,1
"769","empez„",0,0,1,1,0
"770","empleo",2,0,0,1,0
"771","enamore",0,1,0,0,1
"772","encanta",2,1,0,7,1
"773","encantada",0,1,0,1,1
"774","encontrado",2,0,0,1,1
"775","encontrar",0,1,2,5,0
"776","encontrarse",0,1,0,1,0
"777","encuentra",1,0,7,2,0
"778","encuentras",0,2,0,1,1
"779","encuentro",2,0,10,1,0
"780","encuesta",3,0,1,0,0
"781","enfermedad",2,0,8,1,0
"782","enfrentar",0,0,1,1,0
"783","enjoy",2,0,0,0,1
"784","enlace",0,1,2,0,1
"785","ense„",0,0,2,1,0
"786","ense„„ndonos",0,0,0,1,1
"787","entendi„",0,0,0,1,1
"788","entÈrate",2,1,0,0,0
"789","enter",0,0,1,1,0
"790","entertainment",1,0,1,2,0
"791","entiende",1,1,1,0,0
"792","entiendes",1,0,0,0,1
"793","entiendo",1,1,0,0,2
"794","entire",1,0,0,1,1
"795","entonces",2,1,2,4,2
"796","entra",2,0,1,1,0
"797","entr„",0,0,2,1,2
"798","entrada",3,0,1,2,0
"799","entrega",0,1,6,1,0
"800","entregar",0,0,1,0,1
"801","entrenador",0,1,1,0,0
"802","entretiene",1,0,0,1,0
"803","entrevista",1,0,6,0,0
"804","envidia",4,2,0,0,0
"805","environment",1,0,0,0,1
"806","episode",0,0,0,2,1
"807","episodio",2,1,0,0,0
"808","Època",1,28,0,0,0
"809","equality",1,0,0,0,1
"810","equals",0,1,0,1,1
"811","equipo",5,0,6,2,1
"812","er",2,0,2,0,0
"813","era",1,0,0,0,1
"814","error",0,0,6,1,0
"815","errores",2,1,1,6,1
"816","esatamente",1,0,1,0,0
"817","escada",0,1,0,1,1
"818","escondida",0,1,0,1,1
"819","escribir",4,0,1,0,0
"820","escuchada",1,0,1,1,2
"821","escuela",0,0,7,2,1
"822","escuelas",0,0,6,1,0
"823","esfuerzo",1,1,0,2,0
"824","espa„",0,0,1,0,2
"825","espacio",5,28,1,0,2
"826","espacios",1,0,0,0,1
"827","especial",3,1,1,2,1
"828","especiales",1,0,0,1,0
"829","especializado",0,0,1,0,1
"830","espectacular",0,1,0,1,2
"831","espera",1,0,8,0,1
"832","esperamos",3,0,3,4,0
"833","esperan",1,0,0,1,0
"834","esperando",0,0,3,5,1
"835","esperanza",0,1,1,1,0
"836","esperar",0,0,0,1,1
"837","espiritual",2,1,0,0,0
"838","est„",0,0,19,9,4
"839","est„n",0,0,13,15,5
"840","estar„",0,0,0,2,2
"841","estarlo",1,0,0,1,0
"842","est„s",0,0,0,6,1
"843","esto",0,1,0,0,1
"844","estrella",1,2,0,2,0
"845","estrellas",2,3,1,3,0
"846","estreno",0,1,0,1,1
"847","estudiantes",0,1,0,4,0
"848","estudiar",1,1,0,1,1
"849","estudios",2,0,0,2,0
"850","estudiosos",0,1,0,1,0
"851","etc",2,1,3,0,0
"852","eternas",1,0,0,0,1
"853","etiqueta",1,1,1,0,4
"854","eu",0,0,1,0,2
"855","europa",1,0,1,0,0
"856","evangelio",0,0,10,0,1
"857","even",1,0,1,2,0
"858","evento",1,1,2,0,1
"859","eventos",1,0,1,0,1
"860","ever",3,0,1,1,2
"861","everyday",1,1,0,0,0
"862","everyone",1,0,0,0,2
"863","everything",0,0,2,1,0
"864","evidente",0,0,1,0,1
"865","ex",2,0,2,1,1
"866","exactamente",0,1,1,1,1
"867","examen",0,1,1,0,0
"868","excelente",1,5,3,3,4
"869","exclusivas",0,0,0,1,1
"870","existe",1,0,0,1,0
"871","expansion",1,0,0,0,1
"872","experiencia",2,3,7,3,2
"873","explicaban",0,1,0,1,0
"874","explicado",1,0,1,0,0
"875","explicar",0,0,1,0,1
"876","expresa",1,0,0,1,0
"877","expresi„n",0,0,2,1,0
"878","exterior",0,0,1,1,0
"879","extra„",0,0,0,1,1
"880","extraordinario",1,0,1,1,0
"881","extremo",1,0,0,1,0
"882","eyes",3,0,9,0,0
"883","fa",3,0,1,0,0
"884","face",0,1,0,0,1
"885","facebok",3,1,0,2,3
"886","f·cil",1,1,0,0,0
"887","f„cil",0,0,1,0,2
"888","facts",0,0,3,1,0
"889","falleci„",0,0,0,1,2
"890","fallecimiento",1,0,0,0,1
"891","falling",1,0,0,0,1
"892","falso",0,0,1,2,0
"893","falta",2,3,10,0,3
"894","faltan",0,0,8,0,1
"895","familia",3,2,14,3,2
"896","familiares",2,30,2,1,1
"897","familias",0,0,13,0,1
"898","family",1,1,0,1,1
"899","fan",2,1,0,3,3
"900","far",1,0,0,0,2
"901","farmatodoindignada",0,1,0,0,1
"902","f„sico",0,0,0,1,1
"903","f„tbol",0,0,0,1,1
"904","father",1,0,1,0,1
"905","favor",4,59,9,4,3
"906","favoritos",1,0,0,0,1
"907","fazemos",1,0,0,1,0
"908","fc",1,0,0,0,2
"909","fe",0,1,18,0,0
"910","fear",1,0,0,0,1
"911","fel",1,0,0,3,0
"912","felicidad",4,0,1,0,0
"913","felicidades",1,0,0,5,0
"914","feliz",8,2,16,7,4
"915","fella",1,0,0,1,0
"916","female",2,0,0,0,1
"917","feria",1,29,1,0,2
"918","fernandez",0,0,1,0,1
"919","festival",1,0,0,0,1
"920","fiesta",0,0,6,3,2
"921","fifa",1,1,0,0,0
"922","fight",2,1,2,0,1
"923","figuran",0,0,1,1,0
"924","filmaker",1,0,1,0,0
"925","filmed",0,0,0,1,1
"926","filtrado",0,1,0,1,0
"927","filtros",0,1,0,1,0
"928","fin",1,5,2,2,4
"929","final",1,1,6,0,1
"930","finales",0,1,0,1,1
"931","find",0,0,1,0,3
"932","findemundo",2,0,0,0,1
"933","fireworks",0,1,1,1,1
"934","firma",0,0,2,1,0
"935","first",0,0,1,5,3
"936","floyd",2,0,0,0,1
"937","fod",4,0,0,0,1
"938","fofo",0,0,0,3,2
"939","follow",3,0,1,2,2
"940","fondo",0,0,8,1,0
"941","fonte",0,0,0,1,1
"942","forever",3,0,0,0,3
"943","forma",6,0,0,11,1
"944","formas",1,0,15,2,0
"945","fotball",1,0,0,2,1
"946","fotograf„",0,0,1,1,0
"947","foto",0,28,0,10,4
"948","fotos",4,5,0,10,4
"949","fotostwiterdanielmijares",1,0,0,0,1
"950","fotwork",1,0,0,1,0
"951","found",3,0,1,0,0
"952","franc„s",0,0,6,1,1
"953","fran",0,1,0,2,0
"954","francia",1,0,0,1,0
"955","francisco",1,0,59,1,0
"956","fre",0,0,0,2,1
"957","fredy",0,0,0,2,2
"958","frente",0,1,3,3,0
"959","friend",0,0,0,1,3
"960","fronteras",1,0,0,0,1
"961","frutos",0,0,1,1,0
"962","ft",0,0,0,1,1
"963","fuente",0,2,0,1,0
"964","fuerte",0,28,2,1,3
"965","fuertes",1,0,6,0,1
"966","fuerza",1,3,3,2,0
"967","full",0,0,1,1,1
"968","fully",1,0,0,0,1
"969","fun",2,0,0,1,1
"970","funcionarios",2,0,0,0,1
"971","fundador",0,1,1,0,0
"972","funiest",1,1,0,0,1
"973","funk",1,0,0,0,1
"974","funy",0,0,6,0,1
"975","futbol",8,0,1,2,1
"976","future",1,0,0,1,1
"977","futuro",0,1,1,11,1
"978","gabe",0,1,0,1,0
"979","gabriel",2,0,0,1,0
"980","gag",0,1,0,1,0
"981","gags",1,1,0,0,0
"982","g„mez",0,0,1,1,0
"983","game",0,1,1,2,0
"984","gana",0,0,0,3,7
"985","ganador",1,1,0,1,0
"986","ganas",7,2,0,4,0
"987","ganenomueran",0,0,0,1,1
"988","garc„",0,0,3,1,0
"989","garcia",1,0,0,1,0
"990","gases",1,1,0,1,0
"991","gatlands",1,1,0,0,0
"992","gato",3,0,0,2,3
"993","gatos",0,0,0,3,1
"994","gay",0,0,3,0,1
"995","gaza",0,0,0,1,1
"996","general",0,0,1,1,1
"997","genial",0,3,0,13,2
"998","gente",4,3,3,4,2
"999","gerencia",1,0,0,0,1
"1000","get",4,1,1,2,1
"1001","gety",0,0,0,1,1
"1002","giant",1,0,0,2,0
"1003","gigles",1,1,0,0,0
"1004","girl",3,0,0,1,1
"1005","girls",0,1,0,0,2
"1006","give",2,0,1,1,0
"1007","gives",1,0,1,0,0
"1008","gli",1,0,1,0,0
"1009","gloria",0,0,1,0,1
"1010","go",2,0,0,1,0
"1011","gobierno",3,0,2,8,3
"1012","god",2,2,9,4,4
"1013","goduria",1,0,1,0,0
"1014","gogle",0,1,0,1,1
"1015","gogoi",1,0,0,0,1
"1016","going",1,0,0,2,2
"1017","gol",1,0,0,0,1
"1018","goles",2,0,0,0,1
"1019","gone",1,0,1,1,0
"1020","gonzalez",0,3,0,2,1
"1021","gordo",0,1,0,1,1
"1022","got",3,0,0,1,0
"1023","grabado",1,0,0,0,1
"1024","grabar",1,0,0,1,0
"1025","grace",1,0,1,0,1
"1026","gracias",5,3,62,14,4
"1027","gracioso",1,0,1,6,1
"1028","gran",7,1,22,9,6
"1029","grande",5,29,13,3,4
"1030","grandes",5,0,8,6,6
"1031","gratis",0,2,0,0,1
"1032","great",4,1,1,1,2
"1033","greatest",1,0,0,1,1
"1034","grecia",0,0,7,10,2
"1035","grexit",0,0,0,6,2
"1036","griego",1,0,6,0,0
"1037","group",0,1,0,1,0
"1038","grown",3,0,0,0,1
"1039","grupo",4,2,1,6,3
"1040","gu„",0,0,8,5,0
"1041","guasdalito",2,1,0,0,0
"1042","guasdualito",3,2,0,6,1
"1043","guerra",1,0,6,2,1
"1044","guerrero",1,0,0,1,1
"1045","guestsfriends",0,1,0,1,0
"1046","gusta",2,0,0,4,5
"1047","gustan",2,0,10,1,0
"1048","gustar„",0,0,1,0,1
"1049","gustavo",1,0,0,0,1
"1050","guste",0,1,2,1,0
"1051","gusto",2,1,1,2,6
"1052","guwahati",1,0,0,0,1
"1053","guy",1,0,0,1,1
"1054","guys",1,0,6,1,0
"1055","guzm„n",0,0,0,1,1
"1056","gym",0,1,0,0,1
"1057","hab„",0,0,9,1,3
"1058","haber",1,0,2,0,2
"1059","haberme",0,0,1,0,1
"1060","habitantes",1,0,0,2,0
"1061","habla",2,0,10,0,1
"1062","hablamos",1,0,1,0,0
"1063","hablar",1,0,0,2,1
"1064","hablen",1,28,0,0,0
"1065","habr„",0,0,0,1,1
"1066","hace",15,33,11,5,7
"1067","hacen",7,2,0,2,2
"1068","hacer",9,2,29,8,6
"1069","hacerlo",1,0,2,3,1
"1070","hacerse",1,0,8,1,0
"1071","hacia",0,28,22,0,2
"1072","haciendo",1,3,8,0,0
"1073","haga",2,0,1,7,1
"1074","hagamos",0,1,1,1,0
"1075","hagan",1,0,2,2,0
"1076","hagas",2,0,0,2,0
"1077","haha",101,87,49,73,104
"1078","hahah",2,0,6,0,1
"1079","hahaj",9,3,1,2,7
"1080","hall",1,0,0,0,2
"1081","hambre",5,2,0,0,1
"1082","hamster",0,1,0,1,1
"1083","hapen",1,1,1,0,0
"1084","hapens",2,0,0,1,0
"1085","hapy",2,0,7,0,0
"1086","har„",0,0,6,0,3
"1087","harina",2,0,0,0,1
"1088","haters",2,0,0,0,1
"1089","haz",2,1,7,2,0
"1090","hazte",0,1,0,0,1
"1091","health",1,0,1,0,0
"1092","heart",3,1,0,0,0
"1093","hecho",3,1,9,2,2
"1094","hechos",1,1,0,0,0
"1095","helado",2,0,0,0,2
"1096","help",5,0,6,2,0
"1097","heridas",1,0,1,1,0
"1098","hermandad",2,0,0,1,0
"1099","hermano",3,0,5,0,1
"1100","hermanos",1,0,5,3,1
"1101","hermosa",2,1,4,0,2
"1102","hermosas",0,0,0,1,1
"1103","hermoso",5,2,1,1,2
"1104","hernandez",2,2,1,0,0
"1105","hern·ndez",3,1,0,0,0
"1106","hero",1,0,1,0,0
"1107","hierro",1,1,0,0,0
"1108","hija",2,2,7,0,1
"1109","hijo",2,1,3,0,0
"1110","hijos",0,1,11,0,3
"1111","hiperfm",0,0,0,1,1
"1112","hipoteca",0,1,0,1,0
"1113","historia",3,2,7,1,4
"1114","historias",1,0,0,1,0
"1115","history",2,0,0,2,0
"1116","hizo",4,2,6,7,3
"1117","ho",1,0,0,0,1
"1118","hogar",0,0,1,0,1
"1119","hojas",0,0,12,0,1
"1120","hola",1,1,6,0,1
"1121","hollywod",0,0,1,1,0
"1122","hologramas",1,0,0,1,0
"1123","hombre",2,3,11,4,8
"1124","hombres",1,0,1,1,0
"1125","home",1,2,9,3,1
"1126","homosexual",0,0,2,0,2
"1127","honduras",0,1,0,1,0
"1128","honor",0,0,1,2,1
"1129","hope",1,0,1,1,1
"1130","hora",2,0,3,1,0
"1131","horas",4,2,8,0,0
"1132","hospital",6,1,0,2,2
"1133","hot",1,0,1,1,3
"1134","housing",1,0,0,0,1
"1135","houston",0,0,1,1,1
"1136","hoy",6,6,37,20,7
"1137","huesos",1,1,0,0,0
"1138","human",6,0,0,0,2
"1139","humanitaria",1,1,0,0,0
"1140","humano",3,0,1,1,1
"1141","humanos",4,0,2,0,1
"1142","humberto",0,28,0,0,1
"1143","humildad",0,1,1,1,1
"1144","humildes",0,0,1,0,1
"1145","humor",1,2,11,7,5
"1146","humorista",0,0,0,1,1
"1147","hurdles",0,0,1,0,1
"1148","ÌÇÌ",0,0,0,2,6
"1149","iba",1,0,0,1,1
"1150","idea",3,0,0,2,1
"1151","ideas",1,0,0,0,2
"1152","identidad",0,1,1,0,0
"1153","iglesia",0,1,16,0,4
"1154","ignorar",0,0,2,0,1
"1155","igor",0,0,1,1,0
"1156","igual",1,1,0,3,4
"1157","iguales",3,0,0,0,1
"1158","igualito",2,29,0,0,1
"1159","ÌÌ",0,0,1,0,6
"1160","il",2,0,1,0,16
"1161","ilustrador",0,0,0,2,1
"1162","imag„nate",0,0,0,1,1
"1163","im·genes",4,1,0,0,0
"1164","im„genes",0,0,2,1,2
"1165","image",0,0,1,0,1
"1166","imagen",9,0,3,1,1
"1167","imagenes",0,0,9,0,1
"1168","imaginas",1,0,6,0,0
"1169","imitating",0,0,1,0,1
"1170","imperative",1,0,0,1,0
"1171","imperio",0,0,0,1,1
"1172","importa",0,0,2,3,1
"1173","importancia",1,1,0,1,0
"1174","importante",4,1,2,0,3
"1175","importantes",0,1,1,1,0
"1176","imposible",4,0,1,1,0
"1177","impres",0,1,0,1,0
"1178","impresionante",2,2,0,0,0
"1179","impresionantes",2,0,2,0,0
"1180","in„dita",0,0,0,1,1
"1181","inbox",1,0,0,1,0
"1182","incluso",5,1,1,0,0
"1183","incluye",0,0,2,2,0
"1184","incluyendo",0,0,0,1,1
"1185","incondicional",0,1,0,1,0
"1186","incre„ble",0,0,15,3,3
"1187","incredibili",1,0,0,0,1
"1188","incredible",1,0,0,0,1
"1189","increÌble",1,1,0,0,0
"1190","increible",1,0,0,1,0
"1191","independiente",0,1,0,0,1
"1192","india",2,0,0,0,1
"1193","indignante",1,1,0,0,0
"1194","industry",1,0,0,0,1
"1195","infancia",2,1,7,0,1
"1196","influencia",1,0,0,1,0
"1197","informa",0,0,6,0,1
"1198","informaci„n",0,0,8,4,3
"1199","informaciÛn",9,3,0,0,0
"1200","info",0,1,0,1,3
"1201","informados",0,28,0,0,1
"1202","information",2,0,1,0,0
"1203","ingl„s",0,0,0,1,2
"1204","ingrediente",1,0,0,0,1
"1205","ingredientes",0,0,0,1,1
"1206","inicia",1,0,1,0,0
"1207","iniciar",0,1,1,0,0
"1208","inmensamente",1,1,1,0,0
"1209","inocultable",1,0,0,0,1
"1210","inscr„bete",0,0,0,1,1
"1211","inscribirse",1,1,7,3,3
"1212","inscripci„n",0,0,2,0,1
"1213","inseguridad",1,1,0,1,0
"1214","inseguros",1,0,0,1,0
"1215","inspiracion",0,1,0,1,2
"1216","instagram",2,9,18,4,5
"1217","instrumento",0,0,1,0,1
"1218","inteligencia",1,1,0,0,1
"1219","inteligente",1,0,1,0,0
"1220","intenso",1,0,0,0,1
"1221","inter„s",0,0,1,1,0
"1222","intercambio",1,0,0,1,0
"1223","interesante",1,1,9,2,1
"1224","interesting",0,27,1,0,0
"1225","interior",2,1,1,0,0
"1226","internacional",1,0,12,0,0
"1227","internet",0,1,0,2,1
"1228","interpretan",1,0,0,0,1
"1229","intimidating",1,0,0,0,1
"1230","intoxiquen",0,1,0,1,0
"1231","intriga",0,0,0,1,1
"1232","inusual",0,1,0,1,1
"1233","invent„",0,0,1,2,0
"1234","invisible",0,0,1,0,1
"1235","invita",1,1,7,0,0
"1236","invitados",2,0,0,1,0
"1237","invitamos",0,0,1,1,0
"1238","invito",1,1,0,0,1
"1239","invocadores",1,1,0,2,1
"1240","ir",4,1,1,1,1
"1241","irse",1,0,0,1,0
"1242","isac",1,0,0,1,1
"1243","ist˙rizsi",1,1,0,0,0
"1244","italia",1,0,0,0,1
"1245","italiani",1,0,1,0,0
"1246","itunes",1,1,0,1,0
"1247","ivan",1,29,1,0,0
"1248","ja",4,0,0,4,0
"1249","jacc",1,0,0,0,1
"1250","jack",0,1,0,1,1
"1251","jackson",1,0,0,3,2
"1252","jam·s",2,1,0,0,0
"1253","jard„n",0,0,1,1,0
"1254","j„venes",0,0,12,1,2
"1255","javier",2,0,1,0,2
"1256","je",1,0,0,0,1
"1257","jesucristo",0,0,5,0,2
"1258","jesus",0,5,0,1,1
"1259","jhony",1,29,1,0,0
"1260","jim„nez",0,0,0,1,2
"1261","joe",1,1,0,1,0
"1262","john",1,0,7,1,0
"1263","johny",2,1,0,3,2
"1264","jos„",0,0,4,1,1
"1265","jose",2,29,0,0,1
"1266","joven",6,0,26,0,1
"1267","juan",1,1,2,3,6
"1268","juega",0,0,0,1,1
"1269","juego",0,0,6,0,1
"1270","juegos",1,0,0,6,1
"1271","jueves",3,0,1,1,1
"1272","jugador",0,0,6,2,0
"1273","jugadores",3,0,0,1,0
"1274","jugar",6,1,7,0,2
"1275","juiced",0,1,0,1,1
"1276","julio",10,1,18,6,1
"1277","july",2,0,1,3,1
"1278","juntas",2,1,0,0,0
"1279","junto",1,0,2,2,1
"1280","juntos",0,0,0,1,1
"1281","just",5,0,10,4,6
"1282","justicia",0,1,3,0,1
"1283","justo",4,0,0,1,0
"1284","juvenil",1,0,7,0,0
"1285","juventud",3,0,14,0,1
"1286","karina",1,0,0,1,0
"1287","karn‰",0,0,0,1,1
"1288","kevin",0,0,2,1,0
"1289","kg",1,0,0,0,1
"1290","kid",0,1,0,0,1
"1291","kids",2,0,0,1,0
"1292","kind",1,0,0,1,0
"1293","kit",0,1,0,1,0
"1294","kiten",1,0,0,0,1
"1295","kitens",0,0,0,1,1
"1296","know",6,1,1,2,2
"1297","lado",2,1,0,1,0
"1298","ladrones",0,1,0,0,7
"1299","lagrimas",0,0,1,1,0
"1300","lamentablemente",0,1,0,1,0
"1301","lan",1,0,0,1,0
"1302","l„neas",0,0,1,1,0
"1303","lanza",0,0,0,2,1
"1304","largo",1,0,0,0,1
"1305","last",1,0,1,0,0
"1306","lastima",1,0,1,0,0
"1307","l·stima",1,1,0,0,0
"1308","l„stima",0,0,0,1,1
"1309","latina",2,0,2,0,0
"1310","latinoam„rica",0,0,1,1,0
"1311","latinoamericanas",0,1,0,0,1
"1312","latricolor",1,0,0,0,1
"1313","le„",0,0,1,0,1
"1314","lecci„n",0,0,0,1,2
"1315","lecciÛn",3,1,0,0,0
"1316","leche",3,1,0,3,6
"1317","lectores",0,0,2,0,1
"1318","leg",2,0,0,1,0
"1319","lejos",1,0,0,3,0
"1320","lenguaje",0,0,2,1,0
"1321","leonard",0,0,0,1,1
"1322","leopard",2,0,0,0,2
"1323","leopards",1,0,0,0,1
"1324","ler",0,1,1,5,2
"1325","letra",1,0,0,1,0
"1326","letras",0,1,1,0,0
"1327","ley",1,0,0,1,0
"1328","libere",0,1,0,1,0
"1329","libertad",2,1,4,0,0
"1330","libre",2,0,1,0,1
"1331","libres",1,1,0,0,0
"1332","libro",2,0,0,0,3
"1333","licuadora",0,0,0,1,1
"1334","liebre",1,0,0,0,1
"1335","life",9,0,7,21,11
"1336","like",17,38,12,15,37
"1337","likely",2,0,1,0,0
"1338","limitada",0,0,0,1,1
"1339","linda",2,1,0,2,1
"1340","lindo",1,0,6,0,2
"1341","link",1,1,1,1,1
"1342","lionel",0,0,0,1,2
"1343","listos",0,0,1,0,1
"1344","literatura",2,0,1,0,1
"1345","litle",1,0,1,2,2
"1346","live",0,0,0,5,2
"1347","llama",2,29,1,0,7
"1348","llamada",1,0,2,2,1
"1349","llamado",2,1,1,5,0
"1350","llamar",1,0,0,3,0
"1351","llave",2,1,0,0,0
"1352","lleg„",0,0,10,1,0
"1353","llega",2,0,1,1,0
"1354","llegar",2,1,2,7,0
"1355","llena",2,0,8,0,1
"1356","llenas",1,0,1,0,1
"1357","lleno",1,0,1,0,0
"1358","lleva",1,0,1,0,0
"1359","llevada",0,1,0,0,1
"1360","llevado",0,0,6,0,1
"1361","llevan",2,1,1,1,0
"1362","llevar",0,0,0,1,1
"1363","llevÛ",1,1,0,0,0
"1364","llevo",1,0,0,1,0
"1365","llorando",1,0,0,1,0
"1366","llorar",0,0,0,1,1
"1367","lloro",1,0,0,1,1
"1368","lluvias",2,0,0,2,0
"1369","lmao",0,0,0,1,1
"1370","loca",0,1,0,0,1
"1371","loco",1,1,0,0,1
"1372","locura",0,0,1,1,0
"1373","logr„",0,0,1,2,0
"1374","lograr",0,0,2,1,0
"1375","logro",2,0,6,1,0
"1376","lok",4,0,3,1,1
"1377","loked",1,0,0,0,2
"1378","loking",3,0,1,0,0
"1379","lokisho",1,0,1,0,0
"1380","loks",0,0,1,1,0
"1381","long",1,0,1,0,0
"1382","lost",1,1,0,0,1
"1383","loud",1,0,0,0,1
"1384","love",7,3,5,5,2
"1385","luchar",1,0,9,0,0
"1386","luck",1,0,0,1,0
"1387","luego",5,4,16,2,5
"1388","lugar",3,1,10,8,1
"1389","luglio",1,0,1,0,2
"1390","luis",3,0,1,1,2
"1391","lujo",1,1,0,0,0
"1392","lunes",0,1,2,1,1
"1393","luz",1,0,5,0,0
"1394","ma",2,0,0,5,2
"1395","m„",0,0,12,4,4
"1396","m„Ås",0,0,7,3,14
"1397","ma„ëana",0,0,0,1,1
"1398","ma„ana",0,0,10,11,5
"1399","made",3,1,0,0,0
"1400","madre",7,2,7,1,3
"1401","madres",5,0,6,0,0
"1402","madrid",0,0,4,0,1
"1403","maduro",2,1,6,2,2
"1404","maestro",1,0,0,1,0
"1405","magia",0,1,1,0,1
"1406","m„gico",0,0,2,2,0
"1407","mais",1,0,0,1,1
"1408","make",2,1,1,3,0
"1409","makes",1,0,0,0,1
"1410","making",0,1,0,1,1
"1411","mal",6,0,6,0,3
"1412","mala",1,0,0,1,1
"1413","males",1,0,1,0,0
"1414","malos",2,0,0,2,0
"1415","maltrato",3,2,0,0,0
"1416","mam·",1,1,0,0,0
"1417","mam„",0,0,0,2,1
"1418","mami",0,0,0,1,1
"1419","man",9,1,0,1,2
"1420","manejar",0,0,1,2,0
"1421","manera",1,30,4,5,3
"1422","mano",0,1,2,0,1
"1423","manos",1,1,14,0,3
"1424","mantendr„",0,0,0,1,1
"1425","mantenerlos",0,28,0,0,1
"1426","mantiene",1,1,0,1,0
"1427","manuel",0,1,0,0,1
"1428","many",0,0,7,0,1
"1429","maÒana",3,1,0,0,0
"1430","maquillaje",0,1,0,1,0
"1431","mar",0,31,0,3,3
"1432","mar„",0,0,5,1,0
"1433","m„rala",0,0,0,2,2
"1434","maravilla",1,1,0,0,0
"1435","maravillosa",1,0,0,0,1
"1436","maravilloso",1,1,1,0,1
"1437","marca",0,1,0,0,8
"1438","margarita",0,1,0,1,1
"1439","maria",2,1,1,0,0
"1440","marido",0,0,1,0,1
"1441","mario",2,1,0,0,4
"1442","mark",1,0,1,0,0
"1443","market",1,0,0,0,1
"1444","marnie",1,0,0,1,0
"1445","marriage",1,0,13,0,1
"1446","martes",1,0,1,6,0
"1447","martesdemaduro",0,0,0,1,1
"1448","martin",1,1,0,0,0
"1449","martinez",1,0,1,0,2
"1450","mas",20,35,9,12,21
"1451","m„s",0,0,79,30,19
"1452","mascherano",0,0,2,0,1
"1453","mascotas",1,0,0,0,1
"1454","m„sica",0,0,0,3,4
"1455","mastercraft",1,0,0,1,0
"1456","mat",2,0,0,4,1
"1457","mata",1,1,0,0,0
"1458","matar",0,0,1,0,1
"1459","matarlas",0,1,0,1,0
"1460","mateo",0,0,0,1,1
"1461","materiales",0,0,0,1,1
"1462","mathew",1,0,0,1,1
"1463","matrimonio",0,0,15,0,2
"1464","m„xico",0,0,12,1,0
"1465","may",2,0,1,0,1
"1466","mayor",1,1,4,6,3
"1467","mayores",2,0,0,1,0
"1468","mclean",0,0,0,1,4
"1469","media",4,0,0,2,1
"1470","mediante",1,1,0,1,0
"1471","medicina",1,3,0,1,1
"1472","medida",0,0,1,1,0
"1473","medina",1,0,1,5,1
"1474","medio",4,1,4,5,4
"1475","medios",0,2,0,2,0
"1476","megacirco",3,28,2,0,1
"1477","mejor",8,8,4,6,12
"1478","mejores",1,2,2,6,1
"1479","melbourne",2,0,0,1,0
"1480","memoria",2,0,1,0,0
"1481","mencionar",0,0,2,0,1
"1482","menos",3,2,12,5,3
"1483","mensaje",3,30,1,3,1
"1484","mensajes",0,1,0,1,0
"1485","mente",0,0,9,0,2
"1486","mentira",4,2,0,0,0
"1487","mercado",1,0,0,0,1
"1488","mercedes",0,0,1,2,0
"1489","merece",0,0,1,7,0
"1490","merecen",1,1,0,0,0
"1491","merete",0,0,1,0,5
"1492","mes",3,0,13,1,1
"1493","mesage",2,0,0,1,1
"1494","meses",3,1,0,1,0
"1495","mesi",1,1,3,1,3
"1496","met",2,0,1,1,1
"1497","meten",0,0,0,1,1
"1498","metros",1,0,0,0,1
"1499","miami",0,0,0,2,2
"1500","michael",2,0,0,3,2
"1501","miedo",1,1,0,0,1
"1502","miel",36,0,0,1,0
"1503","miembros",0,0,3,0,1
"1504","mientras",4,2,14,1,5
"1505","miÈrcoles",1,1,0,0,0
"1506","might",1,0,0,0,1
"1507","miguel",4,0,2,1,0
"1508","mil",4,1,2,10,7
"1509","milagro",0,0,1,2,1
"1510","miles",0,1,2,2,0
"1511","mill„n",0,0,6,1,0
"1512","millon",1,0,0,1,1
"1513","millones",2,0,6,2,8
"1514","mind",2,0,0,2,0
"1515","mini‰ˇin",0,0,0,1,1
"1516","minions",4,0,8,2,5
"1517","minutos",1,30,8,1,5
"1518","mio",1,0,0,0,2
"1519","mir„",0,0,8,0,1
"1520","mira",6,36,12,12,19
"1521","miracles",1,1,0,0,0
"1522","miradas",0,0,1,0,1
"1523","miranda",1,0,0,1,0
"1524","mirar",1,1,7,1,0
"1525","mis",1,0,1,1,3
"1526","mision",1,0,1,0,1
"1527","misma",1,1,1,1,2
"1528","mismo",5,2,10,7,1
"1529","ml",1,29,1,0,0
"1530","moda",0,1,1,0,1
"1531","model",0,0,1,0,1
"1532","modelado",0,0,1,1,0
"1533","modo",2,0,0,1,1
"1534","mojito",0,1,0,1,0
"1535","molina",2,1,2,0,0
"1536","moment",3,1,0,1,1
"1537","momento",8,35,1,7,7
"1538","momentos",1,0,3,6,1
"1539","mon",0,0,1,1,0
"1540","monday",0,0,0,2,2
"1541","monoxido",0,1,0,1,0
"1542","mont„n",0,0,1,0,1
"1543","monte",1,0,0,3,1
"1544","moraleja",0,0,0,1,1
"1545","moreno",1,2,1,0,0
"1546","mother",0,0,1,1,0
"1547","move",0,0,6,1,0
"1548","movie",1,0,0,1,2
"1549","movimiento",2,0,0,1,0
"1550","movimientos",0,1,0,1,1
"1551","mp",0,0,1,1,1
"1552","much",0,2,2,1,0
"1553","mucha",1,0,1,3,0
"1554","muchas",8,0,1,3,2
"1555","mueran",0,1,0,1,0
"1556","muerte",1,2,10,1,0
"1557","muerto",1,1,0,6,0
"1558","muestra",2,0,2,1,0
"1559","muito",0,0,1,0,1
"1560","mujer",8,6,8,10,7
"1561","mujeres",5,4,8,4,5
"1562","multitud",0,0,1,0,1
"1563","mundial",1,1,1,1,1
"1564","mundo",11,2,19,10,8
"1565","municipio",3,2,0,0,0
"1566","muro",1,1,0,0,0
"1567","museo",1,0,6,0,1
"1568","music",5,1,0,5,3
"1569","m˙sica",3,1,0,0,0
"1570","must",2,0,1,4,1
"1571","muy",0,1,0,1,0
"1572","mythofjuly",0,1,0,1,1
"1573","na",0,2,1,3,4
"1574","n‚",0,0,1,1,1
"1575","n„",0,0,0,1,2
"1576","nace",0,0,1,6,0
"1577","nacho",0,1,0,1,0
"1578","nacido",0,1,1,0,0
"1579","nacional",5,0,18,0,1
"1580","nacionales",1,0,0,1,1
"1581","nadie",5,5,3,9,7
"1582","name",1,0,0,1,0
"1583","n„mero",0,0,2,0,1
"1584","natural",3,0,6,1,1
"1585","naturaleza",1,0,6,0,1
"1586","navidad",0,1,0,1,0
"1587","near",1,0,0,0,1
"1588","necesidad",3,0,1,0,0
"1589","necesita",1,0,0,1,2
"1590","necesitan",0,0,0,4,1
"1591","necesito",1,4,0,0,1
"1592","ned",5,0,8,1,2
"1593","negra",0,1,1,0,0
"1594","negro",0,1,1,1,2
"1595","nepal",0,0,0,1,1
"1596","nesa",1,0,0,2,0
"1597","neveldine",1,0,1,0,0
"1598","never",2,0,0,0,1
"1599","new",4,1,2,1,2
"1600","newton",1,0,1,0,1
"1601","ni„",0,0,19,13,7
"1602","nicht",1,0,0,0,1
"1603","nicol„s",0,0,6,1,0
"1604","nieto",0,0,1,0,1
"1605","nigeria",0,0,1,0,1
"1606","ning„n",0,0,3,2,0
"1607","ninguna",0,1,1,1,1
"1608","niÒa",1,1,0,0,0
"1609","niÒo",6,30,0,0,0
"1610","niÒos",12,3,0,0,0
"1611","nivel",1,0,1,2,3
"1612","niveles",3,0,1,0,0
"1613","nivelpatria",1,0,0,0,2
"1614","noble",2,0,1,0,0
"1615","noche",1,30,0,4,3
"1616","noches",4,0,0,0,1
"1617","nocturno",0,1,0,1,0
"1618","nombre",2,0,3,2,2
"1619","non",1,0,0,0,5
"1620","noriaki",1,1,0,0,0
"1621","normal",1,0,6,0,0
"1622","north",0,0,6,1,0
"1623","northeast",1,0,0,0,1
"1624","nota",1,0,0,0,2
"1625","nothing",3,0,2,0,0
"1626","noticias",2,2,6,2,3
"1627","nove",1,0,1,0,0
"1628","novio",1,0,0,0,1
"1629","now",8,0,2,2,1
"1630","ntn",0,1,0,0,1
"1631","nueva",11,9,15,4,1
"1632","nuevas",2,0,1,0,0
"1633","nuevo",2,2,1,5,5
"1634","nuevos",2,3,0,2,0
"1635","numero",2,0,0,0,1
"1636","nunca",11,32,2,7,5
"1637","o„",0,0,2,0,1
"1638","obra",0,0,7,3,1
"1639","obras",0,1,6,1,0
"1640","observa",1,0,0,1,0
"1641","observem",1,0,0,1,0
"1642","obtienen",0,1,0,1,0
"1643","occupy",1,0,0,0,1
"1644","ocho",0,0,0,1,1
"1645","ocurra",0,0,0,1,1
"1646","ocurre",1,1,0,1,0
"1647","oficial",7,1,1,2,4
"1648","oficinas",0,1,0,2,0
"1649","ogi",2,0,0,0,1
"1650","oh",4,2,0,3,4
"1651","ojeda",0,28,0,1,0
"1652","ojos",2,1,6,1,1
"1653","olas",0,28,0,0,1
"1654","old",9,0,0,0,1
"1655","olvides",7,33,6,5,15
"1656","olvido",0,1,0,1,0
"1657","omg",1,0,1,0,1
"1658","one",8,27,1,13,5
"1659","online",0,1,1,0,0
"1660","¯¯¯",0,0,0,2,3
"1661","¯¯¯¯¯",0,0,0,1,1
"1662","¯¯˘Ñ˘ö¯",0,0,0,1,1
"1663","¯¯˘Ü¯˘Ö¯",0,0,0,1,1
"1664","¯¯˘á¯",0,0,0,1,1
"1665","open",4,0,0,0,1
"1666","operation",1,0,0,0,1
"1667","opin„",0,0,0,1,1
"1668","opinan",2,1,2,2,2
"1669","oportunidad",1,0,0,3,1
"1670","oportunidades",1,0,0,1,1
"1671","orgullosamente",0,0,0,1,1
"1672","orgulloso",1,1,0,0,0
"1673","oriana",0,0,1,0,1
"1674","original",1,0,1,1,1
"1675","orlando",0,1,0,2,0
"1676","oscar",1,1,0,0,0
"1677","osorio",0,1,0,0,1
"1678","¯˘à¯",0,0,0,1,1
"1679","¯˘Ñ˘Å˘à¯˘à¯˘à¯",0,0,0,1,1
"1680","oversaw",1,0,0,0,1
"1681","oxigeno",0,2,0,2,0
"1682","p„Ågina",0,0,6,3,13
"1683","pa„s",0,0,24,10,2
"1684","pa„ses",0,0,1,4,0
"1685","pablo",0,1,6,1,3
"1686","padre",1,1,8,0,2
"1687","padres",2,1,10,1,1
"1688","page",4,0,0,1,4
"1689","pagina",0,0,2,2,3
"1690","p·gina",6,33,0,0,0
"1691","p„gina",0,0,0,1,1
"1692","pagÛ",2,1,0,0,0
"1693","pago",2,0,0,1,0
"1694","paÌs",1,2,0,0,0
"1695","pais",0,0,1,0,1
"1696","p„jaros",0,0,0,1,1
"1697","palabra",2,0,0,2,0
"1698","palabras",2,4,5,4,4
"1699","palos",2,0,0,0,1
"1700","pan",2,0,0,2,1
"1701","panam„",0,0,0,1,2
"1702","pana",4,1,0,2,0
"1703","panamericana",2,0,0,6,0
"1704","panas",1,0,1,2,0
"1705","pap·",2,1,0,0,0
"1706","papa",0,0,62,0,2
"1707","papafrancisco",0,0,11,1,0
"1708","papel",0,0,6,0,2
"1709","par",0,0,6,1,1
"1710","pararon",1,0,0,0,1
"1711","parece",0,3,0,0,2
"1712","parecen",0,0,0,6,1
"1713","parecido",1,0,0,0,1
"1714","pareja",1,1,1,4,0
"1715","park",1,0,0,1,0
"1716","paro",0,0,0,5,1
"1717","parodia",0,0,0,1,1
"1718","parque",3,2,2,0,2
"1719","part",1,0,6,1,0
"1720","parte",5,0,12,5,9
"1721","partes",4,0,1,0,1
"1722","participando",1,0,0,1,0
"1723","participar",3,0,0,1,0
"1724","partido",2,0,1,0,1
"1725","partir",2,0,2,0,1
"1726","parto",1,1,0,0,0
"1727","party",0,0,0,1,1
"1728","pas„",0,0,10,0,1
"1729","pasa",5,4,0,11,6
"1730","pasada",1,1,0,1,0
"1731","pasado",8,0,1,8,2
"1732","pasalo",0,0,0,1,1
"1733","pasan",1,0,8,0,0
"1734","pasando",0,0,15,1,1
"1735","pasar",0,2,0,2,2
"1736","pasaron",4,0,0,1,2
"1737","pasas",0,0,0,3,1
"1738","pase",1,1,0,1,1
"1739","paso",1,0,24,8,2
"1740","pastas",0,1,0,0,1
"1741","pastor",0,0,6,3,5
"1742","patas",2,0,0,2,0
"1743","patineta",1,0,0,0,1
"1744","patota",1,0,0,1,0
"1745","patria",1,0,1,2,1
"1746","pats",0,1,0,1,1
"1747","pauerful",2,0,0,1,0
"1748","paul",0,0,0,1,1
"1749","paulo",0,1,0,1,3
"1750","pausa",1,0,0,0,1
"1751","payaso",0,0,0,1,3
"1752","paz",0,4,8,4,3
"1753","pe„",0,0,1,1,0
"1754","pecho",0,1,0,0,1
"1755","pedro",1,29,1,1,0
"1756","pel„cula",0,0,2,1,2
"1757","pel„culas",0,0,1,0,2
"1758","pelea",2,0,0,1,1
"1759","pelÌculas",1,1,0,0,0
"1760","pelos",1,0,1,0,0
"1761","pelota",2,0,6,1,0
"1762","pena",1,1,8,1,0
"1763","penal",1,1,0,5,1
"1764","pendeja",0,1,0,0,1
"1765","pendientes",2,0,0,1,0
"1766","pensamiento",1,0,1,0,0
"1767","pensamos",0,0,0,1,1
"1768","pensar",1,0,6,1,1
"1769","pensaste",0,0,0,1,1
"1770","pense",0,1,0,1,1
"1771","people",3,0,1,1,1
"1772","peor",7,1,0,2,0
"1773","peque„",0,0,1,2,2
"1774","per",5,0,1,0,14
"1775","perder",1,1,0,0,0
"1776","perfect",2,0,0,2,2
"1777","perfecto",4,0,1,7,2
"1778","periodista",4,0,0,1,0
"1779","periodo",1,0,0,0,1
"1780","permite",1,0,0,0,1
"1781","permitir",1,2,0,0,0
"1782","perrita",2,0,0,2,0
"1783","perrito",0,2,0,1,2
"1784","perritus",0,0,0,1,1
"1785","perro",2,1,1,18,5
"1786","perros",1,0,0,13,1
"1787","person",1,0,1,1,0
"1788","persona",3,1,0,2,1
"1789","personajes",1,0,6,1,0
"1790","personal",3,1,1,0,2
"1791","personalmente",0,0,0,1,1
"1792","personas",14,5,21,11,16
"1793","pesar",0,1,7,9,1
"1794","pestana",0,0,0,1,2
"1795","photo",0,0,0,1,2
"1796","photoshop",0,0,1,1,0
"1797","pidas",0,0,0,1,1
"1798","piden",1,0,0,1,0
"1799","pides",2,1,0,1,0
"1800","pidieron",1,0,0,0,2
"1801","pidiÛ",1,1,0,0,0
"1802","pido",0,0,1,1,0
"1803","pie",0,0,8,1,6
"1804","piedras",0,0,0,1,1
"1805","piel",3,2,9,2,1
"1806","pierdan",1,0,1,0,1
"1807","pierdas",0,0,7,1,1
"1808","pierde",0,0,0,1,1
"1809","pies",1,0,0,0,1
"1810","pieza",1,0,0,0,1
"1811","pino",0,0,1,0,1
"1812","pirlo",1,0,0,0,4
"1813","pistas",0,0,6,1,0
"1814","pit",0,0,0,1,1
"1815","pitbull",1,0,0,2,0
"1816","pitch",0,0,6,1,0
"1817","piza",1,0,0,2,0
"1818","place",1,0,0,2,0
"1819","planes",0,0,2,1,0
"1820","planeta",3,0,3,3,0
"1821","plantear",1,0,0,3,0
"1822","plantillas",1,0,0,6,0
"1823","play",2,0,6,2,0
"1824","playa",0,56,0,0,3
"1825","played",2,0,2,1,0
"1826","plaza",0,0,2,4,2
"1827","please",0,0,2,2,1
"1828","plot",1,1,0,0,0
"1829","plus",0,1,0,1,2
"1830","pm",3,0,9,5,0
"1831","pobre",3,1,1,2,0
"1832","pocas",0,0,1,1,0
"1833","pocos",3,0,1,0,1
"1834","podemos",1,1,10,7,1
"1835","poder",2,2,0,4,5
"1836","poderosa",0,1,0,1,0
"1837","podr„",0,0,2,4,0
"1838","podr„n",0,0,1,1,1
"1839","podredumbre",1,0,0,0,1
"1840","podrÌa",1,1,0,0,0
"1841","polic„",0,0,0,6,2
"1842","political",0,0,6,1,0
"1843","polvo",7,0,0,0,1
"1844","ponce",0,0,0,1,1
"1845","pone",1,0,0,1,0
"1846","ponen",1,0,1,1,3
"1847","pones",0,1,0,1,0
"1848","popular",3,0,0,1,0
"1849","portada",0,2,0,0,2
"1850","portero",1,0,1,1,0
"1851","posan",0,1,0,1,0
"1852","posible",0,2,7,4,3
"1853","positivo",0,1,0,0,1
"1854","post",1,0,6,0,1
"1855","posteriormente",0,1,0,1,0
"1856","potencia",1,1,0,1,0
"1857","power",2,0,0,1,0
"1858","pra",0,1,0,3,1
"1859","prank",0,1,0,0,1
"1860","precio",2,0,0,1,0
"1861","precios",1,1,0,2,0
"1862","precioso",0,0,6,0,1
"1863","predator",1,0,0,0,2
"1864","prefosores",1,0,0,0,1
"1865","pregunta",1,0,1,2,0
"1866","preguntado",0,0,9,1,0
"1867","pregunto",1,0,0,0,1
"1868","premiere",1,0,0,1,1
"1869","preorder",0,0,1,1,0
"1870","preparado",2,0,0,0,2
"1871","presentaci„n",0,0,0,1,1
"1872","presenta",1,0,0,1,2
"1873","presentar",0,0,0,1,1
"1874","presente",1,0,2,1,0
"1875","presidente",1,0,7,1,1
"1876","prevenir",0,28,0,0,1
"1877","prima",0,1,0,1,1
"1878","primer",1,0,7,0,1
"1879","primera",5,0,8,1,1
"1880","primeras",4,1,0,0,0
"1881","primero",0,1,1,1,1
"1882","principal",2,0,0,1,1
"1883","pro",1,1,0,0,0
"1884","probable",0,1,0,1,0
"1885","problema",1,0,8,4,1
"1886","problemas",2,0,8,2,0
"1887","problems",0,0,1,1,0
"1888","proceso",3,1,6,1,0
"1889","prodigy",1,0,0,1,1
"1890","productos",1,2,1,0,0
"1891","produtos",1,0,0,1,0
"1892","profesionales",1,0,1,1,0
"1893","profunda",2,0,1,0,0
"1894","profundo",1,0,1,0,0
"1895","programaci„n",0,0,0,5,1
"1896","programa",2,0,6,0,1
"1897","programador",0,1,0,5,0
"1898","progres",1,0,0,1,0
"1899","promoviendo",0,0,6,1,0
"1900","prompting",1,0,0,0,1
"1901","pronto",0,0,14,4,1
"1902","propia",2,3,1,0,0
"1903","propias",0,2,0,1,0
"1904","propio",2,0,2,1,0
"1905","propios",0,1,0,2,0
"1906","prosperidad",0,0,6,0,1
"1907","protagonistas",0,0,1,0,1
"1908","proteccionistas",2,0,0,2,0
"1909","protect",3,0,0,2,0
"1910","protegidos",1,0,0,1,0
"1911","provincia",0,0,6,0,1
"1912","prowling",1,0,0,0,1
"1913","prÛxima",1,29,0,0,0
"1914","proyecto",0,2,0,2,0
"1915","prueba",2,0,2,1,1
"1916","pruebas",2,0,0,1,0
"1917","public„",0,0,1,1,0
"1918","p˙blico",4,1,0,0,0
"1919","pudo",1,0,1,1,1
"1920","pueblo",4,2,15,4,1
"1921","puedan",0,0,0,1,1
"1922","puede",7,6,8,11,8
"1923","pueden",6,29,3,3,1
"1924","puedes",1,2,1,0,1
"1925","puedo",4,1,6,3,2
"1926","puente",0,0,0,1,1
"1927","puerta",2,2,0,0,1
"1928","puertas",0,1,2,2,0
"1929","pues",3,1,1,8,2
"1930","puesto",3,0,1,1,0
"1931","punta",1,1,0,1,0
"1932","punto",0,2,2,10,3
"1933","puntos",0,1,0,3,0
"1934","pupies",0,0,0,1,1
"1935","pura",3,0,0,0,1
"1936","puyenla",1,1,0,0,0
"1937","qu„",0,0,12,9,4
"1938","queda",2,0,1,7,1
"1939","qued„",0,0,12,0,1
"1940","quedan",2,0,0,1,0
"1941","quedaron",0,1,0,1,0
"1942","quedo",1,0,0,0,1
"1943","quer„",0,0,0,1,2
"1944","querido",0,0,1,0,2
"1945","qui",1,0,0,1,4
"1946","qui„n",0,0,0,1,2
"1947","quick",1,0,1,0,0
"1948","quiÈn",9,31,0,0,0
"1949","quiera",0,1,0,0,1
"1950","quiere",0,1,4,4,3
"1951","quieren",5,1,1,6,3
"1952","quieres",1,1,0,1,2
"1953","quiero",3,1,1,2,7
"1954","quisiera",2,0,1,0,0
"1955","quitamos",1,1,0,0,0
"1956","quito",1,0,9,0,0
"1957","r„",0,0,0,9,1
"1958","r„Åpido",0,0,0,1,1
"1959","race",1,0,0,1,0
"1960","radio",1,1,0,1,3
"1961","rafael",1,0,2,0,2
"1962","r„gimen",0,0,6,0,1
"1963","ramirez",0,0,0,1,1
"1964","ramos",0,1,0,0,1
"1965","ranking",1,0,0,1,0
"1966","r·pido",2,1,0,0,0
"1967","rat",1,0,0,0,1
"1968","rata",5,0,0,1,0
"1969","ratas",2,0,0,0,1
"1970","rato",1,1,0,0,0
"1971","raz„n",0,0,0,3,1
"1972","razÛn",1,1,0,0,0
"1973","re",0,1,0,0,1
"1974","reaccion",0,0,0,1,1
"1975","read",1,0,0,1,1
"1976","realizar·",2,1,0,0,0
"1977","real",3,1,3,22,4
"1978","realidad",3,3,7,1,2
"1979","realiza",1,0,1,0,0
"1980","realizado",1,0,0,1,0
"1981","realizando",1,1,0,0,0
"1982","really",0,0,0,4,1
"1983","realmente",2,1,8,0,1
"1984","reasons",0,0,0,1,1
"1985","recibieron",0,0,0,1,1
"1986","reciÈn",1,1,0,0,0
"1987","recipe",0,0,0,1,2
"1988","reclame",1,0,0,1,0
"1989","reconocer",2,0,1,1,2
"1990","recordar",0,0,6,1,0
"1991","recordarles",0,1,0,1,1
"1992","recordemos",0,0,1,3,0
"1993","recordo",0,1,0,1,1
"1994","records",1,0,0,0,1
"1995","recrean",1,0,0,1,0
"1996","recuerda",2,1,8,0,0
"1997","recuerden",2,1,0,2,1
"1998","recuerdo",0,1,2,0,0
"1999","recuerdos",0,1,0,2,3
"2000","red",4,0,8,0,1
"2001","redes",1,1,6,5,0
"2002","referencia",0,0,2,1,0
"2003","reflejo",0,0,1,0,1
"2004","reflexi„n",0,0,10,6,1
"2005","regalo",0,1,0,1,1
"2006","registro",1,1,0,2,0
"2007","reglas",0,0,9,1,0
"2008","regresan",1,0,0,5,0
"2009","regreso",1,0,1,1,0
"2010","rehenes",2,0,0,1,1
"2011","relacionados",1,0,0,1,0
"2012","relationship",2,1,0,1,0
"2013","relato",0,0,1,0,1
"2014","release",0,0,6,1,1
"2015","released",0,0,0,1,2
"2016","renuncia",1,0,0,0,1
"2017","rep„blica",0,0,1,0,1
"2018","repente",2,1,0,1,1
"2019","repost",1,0,0,1,0
"2020","requisitos",2,0,0,1,0
"2021","resaca",0,28,0,0,1
"2022","rescatar",1,0,0,6,0
"2023","rescue",2,0,0,0,2
"2024","respect",0,0,0,1,2
"2025","respeto",5,1,1,8,2
"2026","respiran",0,1,0,2,0
"2027","responde",3,0,1,0,1
"2028","responsabilidad",3,0,8,1,0
"2029","respuesta",0,0,9,0,1
"2030","restaurante",1,0,0,1,0
"2031","resto",2,0,0,1,1
"2032","resultado",1,0,2,2,0
"2033","resumen",0,0,1,1,1
"2034","reto",2,0,6,0,1
"2035","reuni„n",0,0,2,0,1
"2036","rex",1,1,0,0,0
"2037","rey",2,0,2,0,2
"2038","richard",1,0,0,1,0
"2039","rico",0,1,0,11,1
"2040","right",2,0,0,1,1
"2041","riot",1,0,0,1,0
"2042","riquelme",0,1,0,1,0
"2043","riqueza",0,0,1,0,1
"2044","risa",2,2,1,2,3
"2045","risada",0,1,0,1,1
"2046","risas",0,0,0,1,4
"2047","rival",0,0,2,0,2
"2048","rivera",3,0,0,1,2
"2049","robado",0,0,0,1,1
"2050","robar",1,0,0,0,1
"2051","robaron",0,0,0,2,1
"2052","roberto",0,0,0,1,4
"2053","robo",1,0,0,3,2
"2054","rock",2,0,1,1,0
"2055","rodrigues",1,0,0,0,3
"2056","rojas",1,0,0,0,1
"2057","rolante",0,1,0,1,1
"2058","romero",0,1,2,4,0
"2059","ronher",0,1,0,1,0
"2060","ropa",0,1,0,3,1
"2061","rosa",2,0,0,1,0
"2062","rp",1,0,0,1,0
"2063","ruined",1,0,0,0,1
"2064","ruptura",0,1,6,0,0
"2065","sa",0,0,0,2,1
"2066","s„",0,0,14,4,3
"2067","sab„",0,0,0,1,1
"2068","s„bado",0,0,4,0,1
"2069","sabana",0,0,0,1,1
"2070","sabe",3,30,0,2,5
"2071","sabemos",0,1,0,1,2
"2072","saben",3,1,1,4,2
"2073","saber",3,1,6,1,0
"2074","sabes",2,2,0,0,0
"2075","sabidur„",0,0,7,1,1
"2076","sabroso",0,1,0,0,1
"2077","saca",0,0,1,1,0
"2078","sacan",0,1,1,2,0
"2079","sacar",0,2,8,1,3
"2080","sacarlas",0,1,0,1,0
"2081","sacuda",1,1,0,0,0
"2082","sagrado",0,0,3,1,0
"2083","s„guenos",0,0,0,2,2
"2084","sal",0,0,1,2,0
"2085","sala",6,0,0,0,1
"2086","salas",2,0,0,5,1
"2087","salazar",2,0,0,0,1
"2088","sale",0,1,3,0,2
"2089","salga",0,1,0,0,1
"2090","sali„",0,0,9,2,0
"2091","salida",0,0,2,0,1
"2092","saliÛ",1,1,0,0,0
"2093","salir",7,1,24,0,1
"2094","s„lo",0,0,3,8,3
"2095","salud",3,0,1,0,0
"2096","saludos",0,1,0,4,0
"2097","salva",1,0,0,0,1
"2098","salvar",0,29,0,0,1
"2099","salvemoslosdinosaurios",1,1,0,0,0
"2100","san",1,1,13,1,5
"2101","sangre",2,0,0,1,0
"2102","sano",1,0,1,0,0
"2103","santa",0,0,2,1,0
"2104","santana",0,0,1,6,0
"2105","santo",0,0,21,2,0
"2106","saqueo",2,2,0,0,0
"2107","sarcasmo",0,1,1,0,0
"2108","saved",2,0,0,0,3
"2109","saw",2,0,0,1,0
"2110","says",2,0,1,0,0
"2111","schedule",0,1,0,1,1
"2112","se",6,0,8,2,1
"2113","se„",0,0,13,1,1
"2114","se„ores",0,0,2,2,1
"2115","secure",1,0,6,0,0
"2116","seg„n",0,0,2,1,1
"2117","seguici",1,0,0,0,1
"2118","seguimos",0,0,0,1,1
"2119","seg˙n",4,1,0,0,0
"2120","segunda",0,0,1,1,0
"2121","segundo",0,0,1,2,1
"2122","segundos",0,1,0,0,1
"2123","seguridad",0,29,0,0,2
"2124","seis",1,2,0,1,0
"2125","sek",0,0,1,1,0
"2126","selecciÛn",1,1,0,0,0
"2127","selva",1,0,1,1,0
"2128","semana",4,5,17,4,3
"2129","semanas",3,1,2,0,0
"2130","sempre",3,0,0,1,2
"2131","sems",3,0,6,0,0
"2132","sen",1,1,1,0,2
"2133","sencilla",1,0,1,0,0
"2134","sencillo",0,0,1,0,1
"2135","senior",2,1,0,0,2
"2136","sensibilizarnos",1,1,0,0,0
"2137","sentados",1,0,0,1,0
"2138","sentido",2,2,1,1,1
"2139","sentir",3,0,0,0,1
"2140","seÒores",1,27,0,0,0
"2141","separador",0,0,1,0,1
"2142","september",0,0,0,1,1
"2143","ser",24,7,47,24,13
"2144","ser„",0,0,10,2,2
"2145","serenata",1,0,0,0,1
"2146","seres",1,1,2,0,2
"2147","serie",0,1,0,2,2
"2148","series",0,0,2,0,2
"2149","serio",0,0,1,0,1
"2150","servicio",2,0,13,0,0
"2151","servidor",1,0,0,1,0
"2152","servir",0,0,1,3,0
"2153","ses",0,0,0,1,1
"2154","sexo",1,0,6,0,0
"2155","sexy",0,1,0,0,2
"2156","share",3,1,1,5,2
"2157","shit",1,0,0,0,1
"2158","shoping",1,1,0,1,1
"2159","shot",2,0,1,3,2
"2160","shots",2,0,0,1,1
"2161","show",0,0,1,0,8
"2162","si",43,33,63,35,48
"2163","sick",0,1,0,1,1
"2164","side",0,1,0,1,0
"2165","siempre",8,1,16,14,11
"2166","sienten",0,0,1,1,0
"2167","siento",3,0,3,0,1
"2168","siglo",3,1,0,1,0
"2169","sigue",2,1,2,2,6
"2170","sigueme",0,0,1,0,3
"2171","siguemeparamasvideo",1,0,0,0,2
"2172","siguen",5,0,6,0,0
"2173","sÌguenos",2,2,0,0,0
"2174","siguenos",0,0,0,1,2
"2175","siguiente",4,0,0,5,1
"2176","silva",2,1,0,0,2
"2177","silvia",0,1,0,1,1
"2178","simple",1,28,0,1,3
"2179","simplemente",1,1,8,3,1
"2180","simply",0,0,6,1,0
"2181","sinaloa",0,1,0,0,1
"2182","since",3,0,0,2,0
"2183","singular",0,0,1,0,1
"2184","sino",3,4,3,3,1
"2185","sip",1,1,0,0,0
"2186","siquiera",1,1,0,0,1
"2187","sistema",4,0,0,0,2
"2188","situaci„n",0,0,6,3,3
"2189","skate",1,0,0,0,1
"2190","skateboards",0,1,0,1,1
"2191","small",1,0,0,1,0
"2192","soccer",2,0,0,3,1
"2193","social",3,0,7,4,1
"2194","sociales",1,1,6,1,0
"2195","socialismo",1,1,0,1,1
"2196","socialista",1,1,0,0,0
"2197","sociedad",1,1,4,0,1
"2198","sofloantonio",0,1,0,0,4
"2199","sol",0,0,6,5,2
"2200","sola",3,0,1,0,0
"2201","solamente",0,0,0,1,1
"2202","solas",0,0,1,0,1
"2203","sole",1,0,0,0,1
"2204","solo",13,61,2,16,6
"2205","sombras",0,1,1,1,1
"2206","something",3,0,1,0,0
"2207","son",4,0,0,1,0
"2208","sonaigali",1,0,0,0,1
"2209","song",1,0,0,0,5
"2210","sorprende",1,0,0,1,0
"2211","sorprendentemente",1,0,0,1,0
"2212","sorprendi„",0,0,8,1,0
"2213","sorpresa",2,0,8,1,0
"2214","sorry",0,1,0,1,0
"2215","sorteo",1,0,0,1,0
"2216","sosvenezuela",2,0,0,1,1
"2217","source",0,0,0,1,1
"2218","soyvenezolano",0,0,0,1,1
"2219","spa",1,0,0,1,0
"2220","sparrow",0,1,0,1,1
"2221","spheres",0,1,0,1,0
"2222","sport",1,0,1,0,0
"2223","spot",1,0,1,1,0
"2224","stabilized",1,0,0,0,1
"2225","staf",1,1,0,0,0
"2226","star",0,0,0,2,2
"2227","started",1,0,0,1,0
"2228","states",0,0,1,1,0
"2229","still",1,0,0,0,1
"2230","stinger",1,0,0,1,1
"2231","stop",1,0,0,0,2
"2232","stret",6,0,0,0,1
"2233","studio",1,0,0,4,0
"2234","sub",2,0,6,0,0
"2235","sube",0,0,0,1,2
"2236","suben",0,1,0,1,0
"2237","subimos",0,1,0,1,2
"2238","subo",0,0,0,1,3
"2239","sucede",2,0,1,0,0
"2240","sucre",0,1,3,0,0
"2241","sudam„rica",0,0,1,6,0
"2242","sue„",0,0,1,0,1
"2243","suelen",1,0,0,0,1
"2244","suelo",1,0,1,0,0
"2245","sufren",3,0,0,0,1
"2246","sumarle",1,0,0,1,0
"2247","sun",3,0,0,1,0
"2248","super",5,1,0,2,3
"2249","supero",2,0,0,0,1
"2250","suport",1,0,1,0,0
"2251","suscribete",1,0,0,0,1
"2252","sushi",0,1,0,1,0
"2253","susto",1,1,0,2,0
"2254","t„",0,0,13,6,3
"2255","table",3,1,0,1,0
"2256","tac",1,0,3,0,0
"2257","tag",0,0,0,1,1
"2258","take",0,0,3,0,1
"2259","takes",1,0,0,1,1
"2260","taking",1,0,6,0,1
"2261","tal",5,2,1,9,1
"2262","talento",4,1,0,0,1
"2263","talentoso",1,0,0,0,1
"2264","tambi„ân",0,0,7,3,14
"2265","tambi„n",0,0,14,7,3
"2266","tambien",1,0,0,2,0
"2267","tampoco",0,1,7,0,1
"2268","tan",8,34,3,5,8
"2269","tanta",0,0,0,1,1
"2270","tantas",2,0,0,2,0
"2271","tantos",1,0,3,0,1
"2272","tapado",1,0,8,0,0
"2273","tapan",1,0,0,1,0
"2274","t„pico",0,0,0,1,2
"2275","tarde",3,1,2,0,1
"2276","tardes",0,0,0,3,1
"2277","taxi",0,0,1,1,0
"2278","taza",3,0,0,0,1
"2279","tazas",1,0,0,0,1
"2280","techo",1,1,0,1,1
"2281","teclado",0,0,0,1,1
"2282","tecnolog„",0,0,1,0,1
"2283","televisi„n",0,0,1,0,1
"2284","tell",2,1,7,1,0
"2285","tema",0,1,1,0,0
"2286","temporada",2,0,0,1,0
"2287","ten„",0,0,2,2,0
"2288","tendencia",2,0,0,1,0
"2289","tendr„",0,0,1,3,2
"2290","tener",2,1,1,5,3
"2291","terminÛ",1,1,0,0,0
"2292","ternura",0,0,1,1,1
"2293","terrible",4,1,0,0,0
"2294","tesoro",2,0,1,0,0
"2295","testa",2,0,0,0,1
"2296","testimonio",1,0,8,4,0
"2297","texto",0,0,1,1,1
"2298","th",0,1,0,5,0
"2299","thank",0,4,1,1,0
"2300","thanks",0,0,1,0,1
"2301","theaters",2,0,0,1,1
"2302","thing",1,1,2,0,0
"2303","things",2,0,1,1,0
"2304","think",3,0,0,0,1
"2305","thomas",0,0,6,0,1
"2306","thug",1,0,0,0,4
"2307","tÌa",1,1,0,0,0
"2308","tiempo",3,4,20,2,2
"2309","tiempos",0,0,0,3,1
"2310","tienda",1,0,0,3,2
"2311","tierno",0,1,0,1,3
"2312","tierra",1,0,76,0,1
"2313","time",3,3,0,3,5
"2314","times",1,0,0,1,0
"2315","tinieblas",2,0,2,0,0
"2316","tÌo",1,1,0,0,0
"2317","tipo",3,2,13,2,4
"2318","tipos",2,0,0,0,1
"2319","tiranosaurio",1,1,0,0,0
"2320","tiro",0,0,0,1,1
"2321","titulo",1,0,0,0,1
"2322","to",0,1,3,0,1
"2323","tocar",0,0,1,1,1
"2324","toda",1,1,18,6,1
"2325","todas",10,0,13,2,1
"2326","today",2,2,1,4,2
"2327","todos",0,0,0,1,1
"2328","todosomostrex",1,1,0,0,0
"2329","tods",1,0,0,0,1
"2330","tok",3,1,0,1,1
"2331","tolerancia",0,0,2,1,0
"2332","toma",3,1,0,1,1
"2333","toman",1,1,0,0,0
"2334","tomar",3,0,0,3,0
"2335","tome",2,0,0,1,0
"2336","top",1,0,0,1,0
"2337","topchef",1,0,0,1,1
"2338","torre",0,0,0,1,1
"2339","torta",0,1,0,0,2
"2340","tortura",0,1,0,1,0
"2341","total",3,2,0,0,1
"2342","totalmente",3,0,1,1,1
"2343","tour",0,0,1,2,0
"2344","trabaja",2,1,0,0,0
"2345","trabajar",0,0,1,1,0
"2346","trabajo",2,2,4,3,1
"2347","track",0,0,0,3,1
"2348","trailer",0,1,0,2,1
"2349","tr·iler",1,1,0,0,0
"2350","training",1,0,0,2,1
"2351","transportarlo",1,1,0,0,0
"2352","tras",1,0,8,0,0
"2353","trata",2,1,9,0,1
"2354","tratando",0,1,0,5,0
"2355","tratar",2,0,1,0,1
"2356","trav„s",0,0,9,2,1
"2357","travÈs",4,2,0,0,0
"2358","travoltas",0,0,1,1,0
"2359","tremendo",0,0,2,0,1
"2360","tres",11,0,4,0,1
"2361","trick",2,0,0,2,2
"2362","tried",0,0,1,1,0
"2363","triste",3,2,0,2,1
"2364","tristes",0,1,0,0,1
"2365","trost",1,0,1,0,0
"2366","truco",0,0,8,0,2
"2367","true",1,0,1,0,0
"2368","trump",0,0,1,1,0
"2369","try",2,1,1,1,1
"2370","tuki",0,0,0,1,1
"2371","tumban",1,1,0,0,0
"2372","tumbled",1,0,0,0,1
"2373","turtle",1,0,0,1,0
"2374","tv",2,1,0,0,2
"2375","twiter",3,3,3,6,3
"2376","two",1,0,0,2,1
"2377","ubicada",0,0,2,1,0
"2378","ucv",0,28,0,2,0
"2379","˙ltima",1,1,0,0,0
"2380","um",1,0,0,1,0
"2381","uma",2,0,0,3,3
"2382","unas",1,0,14,2,0
"2383","unbelievable",0,0,0,1,1
"2384","une",2,1,0,1,0
"2385","unete",1,1,1,2,6
"2386","˙nete",2,2,0,0,0
"2387","unico",0,0,0,6,1
"2388","unidad",0,0,2,0,1
"2389","unidos",4,0,2,1,4
"2390","unique",1,0,0,1,0
"2391","universal",0,0,1,0,1
"2392","universidad",1,1,1,1,0
"2393","universo",0,0,0,1,1
"2394","uptown",1,0,0,0,1
"2395","˘ö¯¯˘Ñ¯",0,0,0,1,1
"2396","us",1,0,12,1,1
"2397","usa",0,0,0,1,1
"2398","usar",1,0,0,0,1
"2399","use",1,0,2,2,0
"2400","uso",6,0,1,0,1
"2401","usted",2,3,0,1,1
"2402","ustedes",1,1,8,7,6
"2403","usual",0,1,0,1,0
"2404","utiliza",0,0,6,1,0
"2405","va",6,0,24,6,5
"2406","vacaciones",0,0,12,0,2
"2407","v„ctimas",0,0,6,0,1
"2408","v„deo",0,0,1,1,3
"2409","v„deos",0,0,0,3,5
"2410","vagos",0,1,0,1,0
"2411","vale",2,1,0,1,3
"2412","valioso",0,1,0,0,1
"2413","valor",0,2,6,1,0
"2414","valoramos",0,1,0,6,1
"2415","valorando",0,0,1,1,0
"2416","valores",1,0,0,1,0
"2417","vamos",4,0,9,4,1
"2418","van",1,0,0,3,6
"2419","vanesa",3,1,1,0,3
"2420","varada",0,1,0,1,0
"2421","vargas",1,1,0,0,0
"2422","varias",3,1,1,0,0
"2423","varios",2,0,0,1,0
"2424","vaso",3,0,0,0,2
"2425","vaya",2,1,0,0,0
"2426","vayalo",2,0,1,0,0
"2427","vayan",0,0,1,1,0
"2428","ve",4,28,1,2,5
"2429","vea",0,1,2,3,2
"2430","vean",0,1,0,1,0
"2431","veanlo",0,0,0,2,1
"2432","veas",0,0,0,1,2
"2433","veces",14,3,8,0,3
"2434","vemos",1,0,6,1,0
"2435","ven",0,2,1,1,2
"2436","vence",0,1,0,1,1
"2437","vende",2,1,0,0,0
"2438","venezolana",4,0,6,0,1
"2439","venezolano",5,1,6,5,4
"2440","venezolanos",1,2,0,1,3
"2441","venezuela",16,9,11,39,18
"2442","vengo",2,0,1,0,0
"2443","venta",0,1,6,2,0
"2444","veo",2,0,0,1,5
"2445","ver",16,6,5,10,15
"2446","verano",0,28,1,0,1
"2447","veras",0,1,0,1,1
"2448","verdad",5,6,3,4,3
"2449","verdadero",1,0,6,2,0
"2450","verlo",2,1,2,0,1
"2451","ves",3,0,0,1,2
"2452","vestido",0,0,12,1,0
"2453","vestuario",1,0,0,1,0
"2454","veterinarian",1,0,0,0,1
"2455","vez",9,1,3,5,4
"2456","vi",0,0,1,3,2
"2457","via",0,2,0,6,10
"2458","vÌa",2,1,0,0,0
"2459","viaje",0,0,11,0,1
"2460","victor",2,29,1,1,1
"2461","vida",13,38,65,23,17
"2462","vidas",0,0,0,1,2
"2463","video‚Üí",0,0,0,1,1
"2464","video",58,83,52,51,82
"2465","viejo",1,0,8,0,3
"2466","viene",5,0,6,3,2
"2467","viernes",0,1,7,5,1
"2468","vieron",2,0,0,1,1
"2469","vih",0,3,0,0,3
"2470","village",1,0,0,0,1
"2471","vio",2,0,16,0,1
"2472","violencia",0,2,2,2,0
"2473","visit",0,1,0,1,1
"2474","visita",0,1,17,2,0
"2475","visitantes",0,0,0,1,1
"2476","vista",0,2,0,0,1
"2477","vistas",0,0,0,1,1
"2478","vistazo",1,0,1,0,0
"2479","viste",2,0,0,1,0
"2480","visto",3,0,0,1,3
"2481","visual",0,1,0,2,0
"2482","visuales",0,1,0,1,0
"2483","viu",1,1,0,1,1
"2484","viva",0,0,7,0,2
"2485","vive",2,1,1,2,1
"2486","viven",3,1,2,1,2
"2487","vivido",0,0,1,1,0
"2488","viviendo",0,1,0,0,1
"2489","vivir",1,2,2,0,3
"2490","vivo",3,0,1,0,0
"2491","vivos",0,0,1,1,1
"2492","voc„",0,0,0,1,1
"2493","vocÍ",2,1,0,0,0
"2494","volver",1,0,2,2,0
"2495","volvio",1,1,0,0,0
"2496","vos",2,0,0,0,1
"2497","votar",0,2,0,3,0
"2498","votos",0,1,0,3,1
"2499","voz",1,1,1,2,2
"2500","vs",1,1,1,1,4
"2501","vuelta",0,28,0,1,0
"2502","vuelve",0,1,3,0,0
"2503","vzla",3,0,6,1,4
"2504","wants",4,0,0,1,0
"2505","war",1,0,0,3,1
"2506","wars",0,0,0,1,1
"2507","watch",2,1,6,5,7
"2508","watching",2,0,6,0,2
"2509","way",0,0,1,0,2
"2510","web",0,1,0,5,0
"2511","webber",1,0,0,1,1
"2512","wekend",2,0,1,1,0
"2513","welcome",1,0,6,0,1
"2514","well",3,0,0,0,3
"2515","wen",1,0,0,0,1
"2516","wey",0,0,0,1,1
"2517","wife",1,0,0,1,0
"2518","will",5,0,7,7,1
"2519","win",0,0,1,1,0
"2520","wings",1,0,0,1,0
"2521","without",3,0,0,0,1
"2522","work",0,0,0,1,3
"2523","world",3,0,1,1,2
"2524","wow",2,1,0,2,3
"2525","wrong",1,1,0,0,1
"2526","wtf",2,0,0,2,3
"2527","xfinity",1,0,0,1,1
"2528","xi",0,1,7,0,0
"2529","yas",0,0,0,1,1
"2530","yeah",1,0,0,0,2
"2531","yeahdude",0,1,0,1,1
"2532","year",3,1,0,3,1
"2533","yoga",0,1,1,0,0
"2534","york",3,1,0,1,0
"2535","young",9,0,0,2,2
"2536","youtube",2,3,0,9,5
"2537","zambrano",0,1,0,1,0
"2538","zapatos",1,1,0,0,0
"2539","zidane",1,0,0,1,0
"2540","zombie",1,0,0,0,1
"2541","zona",2,1,0,8,1
