cIdentidad,fNacimiento,sexo,eCivil,escuela,aIngreso,mIngreso,sCurso,tGrado,mInscritas,pAprobado,eficiencia,mAprobadas,mRetiradas,mReprobadas,jReprobadas,pRenovar,beca,lProcedencia,lResidencia,tVivienda,pReside,dHabitacion,cDireccion,oSolicitudes,aEconomica,rEconomico,crFamiliar,aResponsable,iActividades,aOtros,gAlimentacion,gTransporte,gMedicos,gOdontologicos,gAlquiler,gEstudios,gPersonales,gRecreacion,gOtros,irMensual,irOtros,grAlimentacion,grTransporte,grMedicos,grOdontologicos,grEducativos,grVivienda,grServicios,grCondominio,grOtros,rating,sugerencias
1,18/06/1951,0,2,0,2007,1,5,0,1,10.9273,0.4911,2,0,1,"Problemas de salud, enfermedad",2,1500,16,6,0,7,Entre cuarta y quinta transversal monte cristo los ruices ,No,No,No,0,8,0,0,0,1000,500,800,0,1500,400,1500,0,500,0,0,0,0,0,0,0,0,0,0,0,5,"Agradecida, declaro la ayuda económica muy buena y provechosa. "
2,03/01/1977,0,1,0,2006,3,6,0,2,11.314,0.6688,11,1,0,No,1,1500,8,1,1,Esposo (a) Hijos (as) ,No,No,No,No,5,4,500,0,0,4000,1500,0,1500,120,600,1000,0,2000,6000,1000,4000,1500,1000,1000,0,120,500,430,500,5,muy buena la atención  
3,14/03/1979,0,0,0,2006,3,5,0,2,11.404,0.6512,1,1,0,Falta de tiempo para asistir a clases,1,200,8,1,0,6,calle soublette casa numero 19 sector borde sequia cerca del jardin numero 1 guarenas pueblo ,No,No,cuido pacientes parapoder obtener un ingreso economico,0,2,0,3000,2000,3000,2000,0,0,0,500,1000,0,200,0,0,0,0,0,0,1000,600,300,0,0,4,"de verdad que la he utilizado muy poco pero ,cuando la he necesitado he tenido una respuesta muy satisfactoria "
4,04/08/1982,0,0,0,2010,2,3,0,3,6.9787,0.4681,2,2,0,"Mala distribución del tiempo, Lejanía entre la residencia y la universidad",1,1500,15,5,0,2,ANTIMANO BARIO NUEVO CASA52,No,No,No,2,4,500,0,0,600,500,300,0,0,200,400,0,0,4500,3000,4000,2000,1000,0,1500,0,500,0,0,1,"ESTA MUY BIEN
"
5,25/11/1982,0,0,0,2011,3,6,0,2,12.523,0.8333,3,0,0,No,1,1500,16,6,0,6,No,No,No,No,6,4,1200,0,1000,500,400,0,0,0,500,1000,0,800,744482,6000,7000,2000,0,0,0,0,800,0,444482,4,"que la trabajadora social trabaje todo el dia cuando este recopilando los documentos, ya que estoy cursando el internado rotatorio y no me da chance llegar antes de las 1 y 30. gracias."
6,20/07/1986,0,0,1,2008,3,9,1,2,14.492,1,2,0,0,No,2,1500,15,5,1,1,No,No,No,No,3,4,1000,0,0,1000,200,200,0,0,2000,500,0,100,12551,2000,10000,2000,9000,0,1000,0,500,0,1500,5,Buena
7,27/09/1986,0,0,0,2007,3,4,0,2,0.6,0.6,1,0,1,Problemas económicos,1,1500,15,5,1,6,No,No,No,No,2,3,500,0,500,500,500,1000,0,0,2000,0,0,500,2500,0,4500,1000,3000,4000,10000,0,2000,400,400,5,"aumente la becas por favor por que la situación económica esta grave no alcanza
"
8,27/02/1989,0,0,1,2008,3,8,0,3,12.739,0.8972,1,3,0,No,1,1500,16,6,0,2,No,No,No,No,2,2,2000,0,1000,2000,500,500,0,0,1000,500,0,0,8000,2000,3000,1000,1000,0,2000,1500,1000,0,500,5,"Establecer horarios más flexibles de atención al estudiante de Bioanalisis, al menos para la recepción de las planillas."
9,07/07/1989,0,0,1,2008,0,9,1,2,12.726,0.9145,2,0,0,No,2,1500,15,5,0,1,No,No,No,No,2,5,400,0,0,100,100,200,0,0,1000,500,0,100,3500,1000,2000,300,1000,200,0,0,700,0,350,5,Excelente la idea de dirigirse a la escuela de Bioanálisis ya que por las clases nos queda poco tiempo para dirigirnos a la oficina y realizar los trámites. Gracias.
10,10/12/1987,1,0,1,2005,3,9,1,2,11.957,0.638,5,0,0,No,2,1500,16,6,1,3,No,No,No,No,3,2,1000,0,0,2700,1000,500,500,0,500,100,500,700,19000,0,8000,3000,3000,2000,5000,0,2000,1500,4000,4,"no hay sugerencia, todo bien"
11,19/11/1988,0,0,0,2012,3,5,0,3,13.622,1,4,0,0,No,2,1500,15,5,1,1,No,No,No,No,3,3,1000,0,0,500,400,0,0,0,800,200,0,600,7028,5622,6000,1000,0,0,2000,0,600,2000,1000,5,Excelente  que exista un punto de asistencia para renovación en la escuela de enfermería.
12,04/07/1988,0,0,1,2007,3,7,0,4,12.135,0.5691,2,0,2,Lejanía entre la residencia y la universidad,2,1800,3,5,0,1,No,situacion de salud de un familiar,No,No,2,4,800,0,0,3000,3240,2500,1000,0,2500,1000,1000,500,15186,0,6000,12960,12000,4500,0,0,1500,0,3000,5,Mejor puntualidad
13,01/05/1989,0,0,1,2007,3,8,0,2,12.488,0.6450,0,0,2,"Problemas personales, Problemas económicos, Problemas de salud, Mala distribución del tiempo, Problemas con el/la docente",2,1500,12,2,1,1,No,No,No,No,2,2,3000,0,2000,2500,500,800,0,0,2000,400,0,300,7000,5000,5000,2000,0,0,0,0,1500,2000,1500,5,"Gracias por su apoyo, hacen un excelente trabajo, estoy muy agradecida"
14,14/08/1988,0,0,1,2007,0,1,1,2,13.921,0.9272,2,0,0,No,2,1500,23,6,2,7,AVENIDA SANZ. CALLE SECTOR CONVENTO 1. EL MARQUES - LA CALIFORNIA NORTE. EDIFICIO CONTINENTAL. PISO 10. APTO 103. ,No,"2012, OBE. AYUDA ECONÓMICA. SOLVENTAR GASTOS DE ESTUDIOS Y TRANSPORTE.",STAFF DE EMPRESA DEPORTAIVA. UNO O DOS FINES DE SEMANA AL MES APROXIMADAMENTE.,2,2,3000,800,1000,1000,100,200,900,3000,600,200,100,200,10257,9500,10000,1000,2000,1200,0,0,1500,0,4000,5,EXCELENTEATENCIÓN. SIGAN ASÍ!!
15,25/01/1990,0,0,1,2008,0,1,1,1,13.097,0.8235,0,0,0,No,2,1500,0,0,0,1,No,No,No,No,3,5,500,0,0,500,200,200,0,0,500,500,50,50,5622,0,3500,500,500,0,0,0,1000,0,122,5,excelente!
16,26/12/1989,1,0,1,2007,3,9,1,1,12.532,0.8857,3,0,0,No,1,1500,15,5,1,6,No,No,No,No,2,1,0,0,0,500,200,0,0,0,300,0,200,300,3800,0,3800,200,0,0,0,0,0,0,300,3,"colocar las secciones de la distribución de gastos un poco más claras, por ejemplo a que se refieren con gastos personales y especificar si en el gasto familiar se incluya el gasto personal, ya que con el monto de la beca aporto a los gatos de alimentación, y al momento de llenar esas secciones, estuve en confusión"
17,28/03/1990,1,0,1,2007,3,1,1,1,13.278,0.9589,1,0,0,No,2,1500,15,5,0,1,No,No,No,No,3,3,800,0,200,1000,1000,1500,1500,0,500,600,600,800,8500,2000,6500,2000,2000,1500,2500,0,800,0,1500,5,siempre son muy receptivos. Hasta los momentos no tengo ninguna sugerencia.
18,05/02/1988,1,0,1,2006,3,8,0,3,11.984,0.6214,2,0,1,Problemas económicos,1,1500,2,5,3,3,No,No,No,No,3,4,0,0,0,3000,0,0,0,3000,1500,0,0,0,5600,0,5000,500,0,0,0,0,0,0,0,5,Buen Servicio
19,27/04/1990,1,0,1,2008,3,1,1,2,13.179,0.9026,2,0,0,No,2,1500,15,5,0,1,No,No,No,No,1,3,500,200,200,300,200,500,0,0,1000,1000,200,200,9600,0,5000,1000,1000,0,500,0,500,0,2000,5,es un buen servicio
20,22/04/1985,0,0,1,2007,3,9,1,2,13.669,0.8854,1,0,0,No,2,1500,15,5,1,3,No,No,No,No,3,3,7000,0,0,3000,400,1500,0,0,2000,0,0,500,11000,10000,10000,2000,3000,0,3000,0,3000,1500,0,5,"Este año no recibi el correo electronico para la renovacion como en los años pasados, me entere por el instagram de mi centro de estudiantes , me parecia mas efectiva la via de e mail."
21,26/12/1990,0,0,1,2008,0,9,1,2,13.021,0.8304,3,0,0,No,1,1500,15,5,0,1,No,No,No,No,2,5,1000,0,0,2000,500,500,0,0,1500,500,500,200,13682,5000,8000,2500,1000,0,3000,0,700,0,1500,5,Excelente atención 
22,12/09/1989,0,1,1,2006,3,9,1,1,12.165,0.7809,1,0,0,No,2,1500,15,5,0,5,No,No,No,No,5,4,500,0,0,800,500,500,0,0,500,800,300,200,6000,0,3000,1200,2000,0,3000,0,1000,0,1000,5,"Tomar siempre en cuenta la situación económica del país y el beneficio de esta beca estudio y la importancia que tiene para los beneficiarios puesto es una de las únicas entradas que gozan algunos, Gracias."
23,15/09/1990,0,0,1,2008,0,1,3,1,15.280,1,1,0,0,No,1,1500,0,0,0,1,No,No,No,No,1,2,3000,0,500,1000,700,0,0,0,1200,1300,700,150,16996.77,3000,12500,2000,0,700,0,0,600,0,1200,5,"seguir la renovación por este medio, me parece excelente esta vía ya que se evita el uso de hojas y se contribuye con el reciclaje y por lo tanto con el medio ambiente."
24,10/09/1991,0,0,1,2010,0,8,0,4,14.845,1,5,0,0,No,2,1500,15,5,1,2,No,No,No,No,1,3,800,0,0,8000,300,800,0,0,600,1200,0,10900,12445.48,3000,10000,600,0,0,0,0,2000,500,2000,5,"agradecida, por las atenciones recibidas"
25,17/12/1990,0,0,1,2009,3,1,1,2,15.899,1,2,0,0,No,2,1000,8,1,1,2,No,No,No,No,2,2,2000,0,0,1000,0,500,0,0,250,1000,1000,500,10000,0,5000,500,500,0,0,1500,1000,1000,2000,4,extender el horario de atencion a los estudiantes
26,18/03/1989,0,3,1,2006,0,5,0,1,12.947,0.6358,0,2,0,No,1,1500,23,7,0,Esposo (a) Hijos (as) ,No,Unión a pareja,No,No,5,2,2000,0,0,0,400,0,1000,0,1000,0,0,300,8000,0,6000,400,1000,1000,0,0,0,0,1000,5,"Me parece que estan haciendo un buen trabajo, con excelente comunicación hacia los estudiantes."
27,03/10/1990,1,0,1,2008,3,8,0,4,13.205,0.7697,3,0,1,"Problemas familiares, Problemas económicos, Falta de tiempo para estudiar, Deficientes hábitos de estudios",1,1500,23,7,0,6,No,No,No,No,6,5,1000,0,200,2000,150,0,0,0,350,200,0,0,7500,0,5000,800,400,0,0,0,300,0,1000,5,extender por unos dias mas la renovacion de la beca ya que por la complejidad de nuestros horarios se nos hace dificil asistir
28,16/05/1991,1,0,1,2010,3,8,0,4,11.55,0.8952,4,0,0,No,1,1500,23,7,0,6,No,No,No,No,6,3,1200,0,0,300,450,250,0,0,700,500,200,250,5622,0,3000,2000,300,0,200,0,100,0,0,5,"Excelente trabajo, seria fantastico que presionaran a los organismos competentes para que llegue el dinero del aumento a la universidad "
29,26/06/1991,0,0,1,2009,0,6,0,4,12.902,0.8014,4,0,1,"Problemas personales, Falta de tiempo para estudiar, Elevada carga horaria, Mala distribución del tiempo",2,1500,15,5,0,1,No,No,No,No,2,2,1500,0,0,0,600,0,650,0,3000,0,0,0,7000,0,4000,2000,0,0,1000,0,0,0,0,5,la atencion brindada es satisfactoria
30,29/01/1990,1,0,1,2010,3,6,0,4,12.537,0.8304,3,0,0,No,2,1500,15,5,1,2,No,No,No,No,2,3,500,0,1000,2000,500,0,0,0,600,600,0,200,6700,0,10000,2000,0,0,0,0,0,0,0,5,No tengo ninguna sugerencia
31,18/09/1990,0,0,1,2009,0,9,1,2,14.18,1,4,0,0,No,2,1500,23,7,0,1,No,No,No,No,3,4,3000,0,2500,2000,350,500,500,0,1500,750,1000,200,8788,8000,7000,2000,2500,1000,0,200,1000,0,1500,5,Excelente atención
32,05/11/1989,0,0,1,2008,3,7,0,4,13.225,0.7929,3,0,1,"Problemas de salud, Deficientes hábitos de estudios, Elevada carga horaria",2,1500,14,4,4,1,No,No,No,No,3,4,1000,0,0,0,850,0,0,0,1500,500,0,150,6529,5000,10000,1700,2000,0,0,0,0,0,500,4,"Debido a lo apretado del horario de clases, muchas veces se nos hace difícil reunir ciertos requisitos con prontitud  o incluso entregarlos . Excelente sería una extensión de los horarios de renovación "
33,18/02/1991,0,0,0,2010,3,4,3,3,11.916,0.5941,4,0,0,No,1,1500,16,6,1,2,"parroquia petare,urbanizacion el llanito, edf.orinoco, piso 1 apto 2",No,No,No,2,3,1500,0,0,700,1000,200,0,4300,500,300,0,300,24905.01,0,9000,1500,3000,0,2500,4300,1000,2600,1500,5,"alargar las fecgas para la entrega de documentos para la renovación de becas, ya que muchos alumnos por el estudio no tiene tiempo de entregar los recaudos a tiempo"
34,24/11/1989,0,0,0,2011,3,7,0,2,14.0870,0.9829,2,0,0,No,1,1500,13,3,1,6,"Avenida Luis Roche de Altamira, municipio Chacao, edf. Sassola, piso 2 apto. 23. ",No,No,No,6,1,500,0,0,0,300,0,300,0,1000,500,200,0,8096,0,3000,300,500,0,1500,1000,300,300,500,5,Realizar todos los procesos via internet para ahorrar tiempo y que sea mas comodo. 
35,22/06/1990,0,0,1,2010,3,7,0,6,11.936,0.7983,5,1,1,"Falta de tiempo para estudiar, Elevada carga horaria, Mala distribución del tiempo",2,1500,23,7,0,2,No,No,No,No,2,4,3000,0,0,2400,600,0,0,0,500,0,0,1600,14000,0,8000,2200,0,0,0,0,600,0,2000,3,ninguna
36,09/04/1990,0,0,1,2008,0,1,1,2,14.873,0.966,2,0,0,No,2,1500,15,5,0,2,No,No,No,No,2,1,1600,0,0,400,600,300,0,0,450,400,800,120,10000,0,4000,900,700,0,0,4000,150,0,180,4,Mejorar el cumplimiento del horario de trabajo para la atención de los estudiantes.
37,06/09/1989,1,0,1,2008,3,1,1,2,14.438,1,2,0,0,No,1,1500,0,0,1,2,No,No,No,No,2,5,4000,0,0,3000,1840,0,0,0,500,3000,2000,1500,23152.74,0,10000,9640,0,5000,0,0,600,500,700,4,"DEBE HABER MAS DIAS PARA LA RECEPCION DE LOS RECAUDOS, ASI COMO EL HORARIO PARA LA ENTREGA DE LOS RECAUDOS DEBE SER MAS LARGO"
38,28/06/1991,0,0,1,2008,0,1,1,2,14.194,1,2,0,0,No,1,1500,15,5,1,2,No,No,No,No,2,1,3000,0,235,2000,2000,3000,2000,0,2500,2000,2000,1200,9066.84,0,5000,2000,3000,0,0,0,2000,0,3500,4,prolongar horarios de atencion
39,22/03/1991,0,0,0,2010,3,6,1,2,13.266,0.9545,2,0,0,No,1,1500,15,5,0,4,"el junquito, km 12, urbanizacion luis hurtado, calle el campesino, casa sin numero",porque mis padres se mudaron,No,No,3,5,4000,0,0,2000,100,0,1000,0,500,500,500,200,15000,0,6000,0,0,0,0,0,500,0,500,5,la atencion es muy buena
40,21/09/1990,0,0,1,2008,3,1,3,2,14.557,1,2,0,0,No,2,1500,8,1,1,2,No,No,No,No,2,1,1500,0,0,0,1500,0,0,0,500,0,0,0,5622.48,5622.48,5000,2000,0,0,0,0,0,500,1000,5,SIGAN TRABAJANDO EN EL PROCESO DE AUTOMATIZACIÓN 
41,19/10/1991,0,0,1,2010,3,8,0,4,14.338,1,5,0,0,No,1,1500,15,5,1,2,No,No,No,No,2,3,1000,0,0,200,0,0,0,0,1000,0,0,300,9000,0,5000,1000,0,0,500,600,300,600,1000,5,excelente
42,23/11/1990,0,0,1,2008,3,8,0,5,13.652,0.968,5,0,0,No,1,1500,16,6,1,1,No,No,No,No,3,5,1000,0,200,400,100,0,0,0,1400,600,100,100,7500,0,4500,300,0,0,1300,0,600,600,300,4,se recomienda mas difusion acerca de los servicios que ofrece obe la cual podriaser otorgada por correo electronico 
43,18/05/1992 ,0,0,1,2011,3,7,0,4,13.6,1,4,0,0,No,1,1500,15,5,0,4,Av. Alma Mater Qta. Carmen Los chaguaramos,No,No,No,3,4,500,0,0,300,0,200,0,0,1000,200,0,300,10000,5000,8000,200,500,0,0,0,1000,0,1800,5,SU ATENCIÓN  ES MUY BUENA
44,18/05/1992,0,0,1,2011,3,7,0,4,13.6,1,4,0,0,No,1,1500,15,5,0,1,Av. Alma Mater Qta. Carmen Los Chaguaramos ,No,No,No,3,4,500,0,0,300,0,200,0,0,1000,200,0,300,10000,5000,8000,200,500,0,0,0,1000,0,1800,5,SU ATENCIÓN ES MUY BUENA
45,18/05/1992,0,0,1,2010,3,7,0,4,13.666,1,4,0,0,No,0,1500,15,5,0,4,"Av. Alma Mater Qta, Carmen Los Chaguaramos",No,OBE 2011 UCV . Motivo: ayuda económica para mis estudios ,No,3,4,500,0,0,300,0,200,0,0,1000,200,0,300,10000,5000,8000,200,500,0,0,0,1000,0,1800,5,Muy buena atención por parte de la OBE 
46,21/04/1990,1,0,1,2011,0,7,0,5,14.2,0.9151,2,0,2,"Problemas personales, Mala distribución del tiempo",1,1950,16,6,1,2,No,No,No,No,2,2,600,0,0,1000,1000,0,0,0,2000,1500,1500,300,7000,0,5000,2000,0,0,0,2000,500,0,1000,5,Muy buen servicio
47,24/01/1991,1,0,1,2008,0,1,1,1,16.712,1,1,0,0,No,1,1500,0,0,0,1,No,No,No,No,3,5,2000,0,0,500,1000,0,0,0,2000,0,0,0,16000,0,7000,1000,4000,1000,2000,0,1000,0,0,5,Nada que mejorar.
48,08/09/1990,0,0,1,2008,3,2,0,4,14.000,0.3864,3,0,0,No,2,1500,23,7,0,1,No,No,AÑO 2011 AYUDA ECONÓMICA POR OBE PARA CUBRIR GASTOS  DE MATERIAL DE ESTUDIO.,No,3,4,1000,0,500,400,400,2000,0,0,1000,1000,800,500,1703645,2000,2500,700,2500,0,6000,0,500,0,580,4,SER UN POCO MÁS EFICIENTE
49,27/05/1988,1,0,0,2009,3,5,3,3,11.174,0.6117,2,0,0,No,1,1500,23,7,0,2,No,No,No,No,2,2,2800,0,0,0,0,0,0,0,1800,0,0,0,7000,0,2000,2800,0,0,0,1800,0,0,0,4,seguir luchando para una beca mas considerada por los estudiantes ya que no nos alcanza para cubrir nuestros gasto de estudio un libro ya hoy en dia estan minimo 5000 bueno se que no es su culpa del moto que estamos recibiendo horita 
50,24/08/1992,0,0,1,2010,3,8,0,4,13.5,0.95,3,1,1,Problemas de salud,1,1500,8,1,0,1,No,No,No,No,2,4,2000,0,0,2000,600,1000,0,0,2000,2000,2000,0,17200,0,8000,2000,2000,2000,0,800,800,1900,2000,5,manejar el sistema de msj de texto para los becarios de esta manera ayuda a estar mas informado
51,11/01/2015,0,0,0,2010,3,7,1,2,12.565,0.9829,2,0,0,Mala distribución del tiempo,1,1500,15,5,0,1,No,No,No,No,3,5,600,0,500,400,560,300,0,0,300,1000,0,0,40000,0,20000,1680,10000,0,0,0,800,0,5000,5,Me parece muy eficiente este método de internet y no es como otros q se caen o tienen errores. 
52,26/07/1991,0,0,1,2009,3,7,0,4,12.609,0.7586,4,0,1,Problemas familiares,1,1500,15,5,0,2,No,No,No,No,2,3,1400,200,500,400,2300,0,0,0,600,150,400,100,8500,4000,5500,3500,2000,0,0,0,400,0,800,5,Siempre muy atentos y con mucha consideración con respecto a los problemas presentados. 
53,22/02/1991,0,0,1,2008,3,1,1,2,13.675,0.9720,2,0,0,No,2,1200,15,5,1,1,Esquina de Amadores. Edif. Jose Gregorio Apart 23 piso 2 parroquia altagracia- caracas,No,No,No,4,3,2000,0,2000,30000,2000,10000,0,0,2000,1000,1000,1500,22000,5000,30000,3000,0,0,4500,0,1500,350,0,5,efectiva
54,11/07/1992,1,0,1,2008,0,1,1,1,14.906,1,1,0,0,No,2,1500,22,5,0,7,"CALLE EL DESVIO, DIAGONAL A LA AV. NUEVA GRANADA. URB. LA BANDERA. PARROQUIA SANTA ROSALIA. MUNICIPIO LIBERTADOR.",No,No,No,2,3,1500,0,2000,1000,250,0,0,1500,500,750,800,200,7977,15000,10000,500,500,0,3000,0,500,0,500,5,"NINGUNA, COMPLETAMENTE SATISFECHO."
55,18/04/1991,0,0,1,2008,0,9,1,2,13.654,1,4,0,0,No,2,1500,8,1,1,4,No,No me llegan correos de ustedes,No,No,3,2,1500,0,0,600,1300,0,0,0,700,400,0,0,5622,0,2000,500,1500,0,0,0,60,0,0,5,Que envien la fecha de renovación de beca con anticipación por correo
56,07/04/1990,0,0,0,2008,3,7,0,2,12.083,0.7877,2,0,0,No,1,1500,23,7,1,6,No,No,No,No,2,2,700,0,0,500,200,200,0,0,150,600,0,200,5600,0,2500,1000,0,0,0,0,300,500,300,5,Seguir con la misma técnica de trabajo que tienen hasta ahora.
57,12/12/1990,0,0,0,2011,3,6,3,2,12.066,0.9211,3,0,0,No,1,1500,15,5,1,1,No,No,No,No,2,2,800,0,0,0,720,0,0,0,1000,800,500,0,5622,0,3000,720,0,0,0,0,400,3000,2000,5,Excelente atención y organización. Hubo un poco de problema para cargar la pág. al principio  hasta lograrlo después de varios intentos. 
58,11/10/1990,0,0,1,2010,3,7,0,4,12.659,0.8198,2,0,2,"Mala distribución del tiempo, me costaron esas materias",2,1500,15,5,1,1,No,No,No,No,2,3,2000,0,0,2500,400,1000,0,0,2000,3000,0,500,15000,15000,12000,2000,2000,0,3500,0,700,2200,1200,4,Todo bien
59,25/07/1990,0,0,1,2008,2,9,1,2,13.172,0.9026,1,0,0,No,1,1500,0,5,1,1,No,mudanza ,No,No,1,3,500,0,100,100,700,0,0,0,500,200,500,200,15000,0,10000,1000,5000,3000,3000,0,1000,1000,2000,4,colocar un lapso mas largo para la renovación de beca (semana) 
60,08/09/1992,0,0,1,2009,0,9,1,2,16.300,1,4,0,0,No,2,1500,8,1,0,2,No,No,No,No,2,2,2500,0,500,800,800,0,500,0,1000,1000,400,0,8000,2000,5000,500,500,0,0,0,800,300,400,5,"sigan asi, atendiendo al estudiante con amor.. prestando el servicio de orientación estudiantil como hasta ahora se han venido destacando. cada dia mejoraremos todos como universidad y sociedad."
61,21/03/1991,0,0,1,2008,3,1,1,1,14.871,1,1,0,0,No,2,1500,15,5,1,2,No,No,No,No,2,2,1000,0,0,800,60,100,0,0,500,300,400,500,14827,6000,12000,1660,4000,2000,1150,0,1330,2000,1800,4,Muy bueno el trato siempre
62,20/09/1991,0,0,1,2010,3,6,0,5,12.487,0.7692,2,0,1,"Problemas personales, Problemas familiares, Problemas económicos, Problemas de salud, Falta de tiempo para asistir a clases",0,1500,16,6,1,2,No,No,No,No,2,1,700,0,500,2000,600,800,2000,0,2500,1500,500,400,12500,0,3500,200,900,700,0,0,800,2000,1000,5,que extiendan un poco mas el horario de la entrega de los requisitos para la renovacion ya que muchos tenemos horarios de clases con poca flexibilidad como por ejemplo laboratorios todo el dia con un tiempo limitado de almuerzo y descanso
63,20/07/1992,0,0,0,2010,3,7,0,2,12.704,0.9274,2,0,0,No,1,1500,12,2,0,2,No,No,No,No,2,4,1000,0,0,1200,760,0,0,0,400,140,0,0,6850,0,4000,600,325,0,0,0,490,0,1435,5,"me parece que realizan un trabajo excelente, muy eficientes, ya que son puntuales dan respuesta oportuna a nuestras dudas u interrogantes. 

excelente que la Lic. Analeth se dirija a nuestra escuela, ya que en muchas cosas esta escuela no la toman mucho en cuenta."
64,23/08/1989,0,0,1,2008,3,7,0,5,11.453,0.6178,2,0,3,"Problemas personales, Deficientes hábitos de estudios",2,1500,24,5,1,1,No,No,No,No,1,2,500,0,0,300,300,0,0,0,1000,300,0,100,9000,7000,5000,0,2000,0,0,6000,2000,0,1000,5,Agradezco toda la ayuda prestada por parte del servicio de trabajo social y ser comprensivos con respecto a las situaciones de cada estudiante
65,04/05/1992,0,0,1,2008,0,1,1,1,14.460,0.9720,1,0,0,No,2,1500,15,5,2,4,"el cementerio Av. Soosevelt, sector los jabillos, , quinta floriver",No,No,No,6,2,4000,0,1000,2000,1000,0,0,2700,2000,0,0,0,11000,0,5000,3000,0,2000,4000,2700,100,0,0,3,mejorar la comunicaciòn de las fechas de renovaciòn.
66,18/12/1990,0,0,1,2010,3,5,0,4,12.986,0.7526,3,1,1,"Falta de tiempo para estudiar, Mala distribución del tiempo, Lejanía entre la residencia y la universidad",2,1500,15,5,1,1,"Av. Guzmán Blanco, cota 905. Res. La Veguita. Edif Los Monjes. Piso 9 ",No,No,No,3,4,600,0,0,400,550,0,0,0,900,200,0,0,14000,8000,9000,5000,2000,0,0,0,1600,800,1500,4,En general la atención prestada es buena. 
67,21/09/1991,0,0,1,2008,0,8,0,2,12.75,0.85,3,0,0,No,2,1500,11,5,0,4,LOS ROSALES. AV EL PASEO. QUINTA VILLA COROMOTO,No,No,No,2,3,3000,0,0,1700,100,0,0,1900,500,300,0,0,9000,0,5000,500,0,0,0,0,0,0,0,5,ESTOY SATISFECHA CON SU ATENCION
68,26/10/1991,1,0,1,2009,0,8,0,4,12.975,0.8963,5,0,0,No,1,1500,19,5,1,6,No,No,No,No,2,3,4500,0,0,1500,500,800,300,0,1000,600,800,500,9800,6000,4000,1000,3000,2000,1000,0,800,1500,2500,5,Buena atención y proceso mas rápido al estar en la escuela de bioanalisis para la recepción de documentos.
69,23/08/1991,0,0,1,2008,0,9,1,2,13.489,0.9456,4,0,0,No,1,1500,15,5,1,2,No,No,No,No,2,3,3000,0,0,2000,300,200,0,0,1000,500,300,200,5622,4000,5000,100,900,0,0,0,600,1000,0,4,Me parece prestan buena atención al público 
70,30/05/1993,0,0,0,2011,3,5,0,2,12.218,0.9143,2,0,1,"Problemas con el/la docente, Lejanía entre la residencia y la universidad",1,1500,0,0,0,2,No,No,No,No,2,3,1400,0,2000,0,2420,2000,1500,0,2000,2500,0,1000,10900,4000,5000,7664,4000,2000,2350,6000,380,300,700,4,Concidero que es apta ya que por ser la única escuela que se encuentra lejos de la ciudad universitaria nos facilitan aceptar los datos requeridos en dicha escuela
71,01/11/1991,0,0,1,2009,3,1,1,1,14.814,1,1,0,0,No,2,1500,16,6,1,1,No,No,No,No,3,3,2500,0,0,1200,300,0,0,0,1500,1000,0,0,6761,0,3000,900,0,0,0,0,0,0,0,5,Felicidades por hacer esta parte del proceso vía internet
72,28/06/1993,0,0,1,2009,0,9,1,2,14.314,0.9722,4,0,0,No,2,1500,18,5,1,6,Edificio Doralta. Avenida Las Acacias.Caracas.,No,No,No,3,4,2000,0,1000,1500,200,1000,0,0,800,1000,0,0,10323,0,6123,200,1000,1000,1000,0,500,0,500,5,"Excelente trabajo, agradecida por la ayuda aportada todo este tiempo."
73,19/10/1991,1,0,1,2011,3,8,0,4,13,1,4,0,0,No,2,1500,8,1,1,2,No,No,No,No,2,2,1500,0,0,1000,1000,1000,0,0,1000,1000,500,500,30000,0,15000,5000,2000,0,1500,0,3000,1000,2000,5,EVALUAR LA POSIBILIDAD DE SUBIR EL MONTO DE LA BECA YA QUE 1500BSF NO SE AJUSTA A LA REALIDAD DE GASTOS QUE POSEE UN ESTUDIANTE
74,12/07/1993,0,0,0,2011,3,8,0,3,14.13,1,2,10,3,No,1,1500,16,6,2,6,"av principal francisco de miranda, boleita sur, edificio sarina piso 4 apartamento 4-1.",No,No,No,3,2,3500,0,1500,1500,300,0,0,4000,200,500,0,0,7000,2000,2000,500,2000,0,0,0,1000,800,1000,4,"la gestión es mucho mas rápida por este medio, no tengo inconvenientes de ningún tipo con el servicio de becas estudiantil."
75,13/04/1993,0,0,1,2011,0,7,0,5,15.557,1,5,0,0,No,3,1500,2,2,2,6,"Urbanización Cumbres de Curumo, Avenida Principal, Edificio Araucaria",No,No,No,3,5,6000,0,0,2000,300,200,0,3000,500,400,0,200,10000,5000,7000,400,1000,0,200,0,1500,500,2000,5,"No presento quejas al respecto, de verdad que la beca es una gran ayuda para los estudiantes y más ahora en la situación en la que vivimos"
76,20/07/1991,0,0,1,2013,3,3,0,6,15.388,1,5,0,0,No,1,1500,15,5,1,1,No,No,No,No,3,4,2500,0,0,4000,400,700,600,0,700,700,500,260,37318.75,0,20000,1300,3000,600,5400,0,700,1900,10000,5,"que todo el proceso se pueda llevar en base electronica, mediante el scan de documentos"
77,08/07/1994,0,0,1,2012,3,4,0,5,14.961,1,5,1,0,No,2,1500,15,5,1,1,No,No,No,No,2,4,1500,0,0,700,500,500,0,0,1000,500,500,0,9777,5000,5000,1500,2000,0,1500,0,3000,1000,1000,4,MUY BUEN SERVICIO
78,03/04/1993,0,0,0,2014,2,3,0,5,16.833,1,5,0,0,No,1,1500,13,3,2,2,"calle miranda, chacao",No,No,No,2,1,1500,0,0,400,300,0,0,4120,650,500,700,450,7500,0,1000,100,900,0,0,4120,400,0,300,4,"en lugar de tener un solo trabajador social para gestionar la beca, asignar un segundo para cubrir la gran demanda "
79,10/01/1992,0,0,1,2010,3,7,0,4,14.114,1,4,0,0,No,2,1500,15,5,1,6,"Altagracia norte 4, esq. De salas.",No,No,No,2,2,1000,0,0,0,0,0,0,2000,4000,0,0,500,12000,0,4000,2000,0,0,0,2000,700,500,0,5,No cambiar tanto a la trabajadora social.
80,08/10/1992,0,0,0,2014,3,3,0,5,11.833,1,5,0,0,No,2,1500,15,5,1,1,No,No,No,No,3,3,1000,0,0,500,400,0,0,0,800,250,0,600,7028,5622,6000,1000,0,0,2000,0,600,2000,1000,5,Excelente forma de renovar.
81,13/09/1991,0,0,1,2010,3,7,0,6,13.196,0.9825,4,0,0,No,1,1500,15,5,1,1,23 de Enero,No,No,No,1,2,2000,0,1000,1000,1000,300,0,0,1000,700,0,500,10000,10000,13000,3000,1000,0,0,0,1000,200,1500,5,...
82,13/08/1992,0,0,1,2011,3,7,0,5,14.59,1,4,0,0,No,1,1500,15,5,1,2,No,No,Beca ayudantía en el año 2011 Universidad Central de Venezuela (OBE) apoyo económico para material de estudio,No,2,2,0,1000,0,500,0,0,0,0,1500,500,0,0,6050,0,3200,500,0,0,0,1500,800,0,0,4,Un horario un poco más amplio de atención ya que el horario de clases siempre choca
83,24/01/1992,0,0,1,2009,3,8,0,5,12,0.7982,3,0,2,"Problemas personales, Problemas económicos",2,1000,3,0,1,0,"Urb. La Rosaleda Sur, Edf. Atabapo",No,No,No,2,2,1500,1000,3000,1500,300,300,0,1000,3000,1000,1000,2000,11550,7000,9000,1000,1000,0,3000,0,3000,600,2000,5,"Consideracion para los estudiantes , ya que somos una de las victimas mas afectadas de esta horrible inflación , los materiales de estudio se han vuelto cada vez mas costosos y pues estudiar es ya casi una mision dificil por no decir imposible"
84,29/10/1993,0,0,1,2011,0,6,0,4,13.67,0.967,5,0,0,No,1,1500,21,5,0,6,No,No,"solicitud en 2013. 
ayuda economica 
",No,3,2,2000,0,0,1500,500,0,0,0,1000,0,0,500,5000,0,3000,500,500,0,0,0,300,0,700,5,para la renovacion de becas extender el horario de atencion .
85,21/06/1993,1,0,1,2011,0,7,0,4,14.676,1,4,0,0,No,1,1500,24,5,0,2,No,No,"Año solicitud 2013
Institución: Universidad Central de Venezuela (OBE)
Motivo: Transporte, Materiales Estudios, Comida",No,2,3,1500,0,0,900,1600,0,0,0,500,0,0,0,5622,0,2500,1000,2000,0,0,0,122,0,0,4,"Colocar un amplio horario de atención, debido a que chocan con los horario académicos"
86,20/02/1992,1,0,1,2011,0,7,0,6,15.877,1,4,0,0,No,1,1500,15,5,0,1,No,No,No,No,2,3,800,0,0,500,150,0,0,0,1000,600,0,50,8000,0,4000,500,2000,0,0,1500,0,0,0,4,"la atención brindada esta acorde con el tramite realizado, lo puedo catalogar como buena."
87,07/06/1993,0,0,0,2010,3,7,1,2,12.9,0.9,2,0,0,No,3,1500,15,5,1,2,No,No,No,No,2,5,1000,0,0,500,800,0,0,0,500,0,200,500,5600,5000,5000,1200,600,0,1000,0,1000,800,1000,5,Ninguna esto nos ayuda a agilizar el proceso 
88,03/04/1992,0,0,0,2009,3,5,0,2,11.604,0.76,2,0,0,No,1,1500,23,7,0,2,No,"vivia con mi tia, ahora vivo con mi madre en los valles del tuy",fames ayuda para maternidad,No,2,4,1000,0,0,500,1000,0,0,0,500,500,0,0,4480,2000,2000,1000,0,0,0,0,1000,600,1000,5,la atencion siempre a sido excelente y  tiempo. y lo mejor es que ahora la renovación la podemos hacer en la escuela
89,18/04/1993,0,0,1,2012,3,5,0,7,17.22,1,4,0,0,No,1,1500,13,3,0,2,No,No,No,No,2,2,400,0,0,1500,400,300,0,0,1000,1000,500,500,7980,0,7000,1000,1500,0,0,0,400,0,800,5,muy buen servicio
90,24/5/1991,0,0,1,2010,3,7,0,4,13.336,0.9304,4,1,0,No,2,1500,6,5,1,6,No,No,No,No,6,4,500,0,500,1000,600,200,0,0,2000,1000,500,300,9100,0,4000,1000,0,0,1000,0,500,0,0,4,mayor flexibilidad en el horario de renovacion de beca.
91,21/11/1992,0,0,0,2010,3,6,1,1,11.158,0.6949,3,0,0,No,1,1500,8,5,1,2,No,No,No,No,2,4,1000,0,0,0,1500,0,0,0,1000,0,0,0,5500,0,5000,500,0,0,0,0,0,0,0,4,cumplir con el pago a tiempo.
92,22/05/1993,0,0,1,2010,3,4,0,4,12.700,0.7273,1,1,1,"Problemas familiares, Deficiente formación del bachillerato",2,1500,8,1,0,1,No,No,No,No,2,5,1500,0,0,1200,700,300,0,0,300,300,0,200,10810.91,7500,5000,1400,2450,1000,3500,400,750,800,3000,5,"seguir manteniendo el buen trato con los alumnos, y mantenernos informados de lo que ocurre en la univerisidad con respecto a la beca"
93,27/08/1993,0,0,0,2011,0,7,3,2,13.078,0.9829,2,0,0,No,1,1500,8,1,0,1,No,No,No,No,3,4,900,0,0,700,500,0,0,0,1000,100,0,100,8000,0,4000,1500,0,0,650,800,250,400,300,4,"Tomar en cuenta que continuamos cursando estudios en la universidad y debido a la situación del país se ha hecho difícil conseguir un empleo en la rama de enfermería, que facilite el horario y colabora al crecimiento profesional educativo."
94,17/08/1993,0,0,1,2011,0,6,0,3,13.227,0.8587,5,1,0,No,1,1500,4,2,1,6,No,No,No,No,3,3,1500,0,0,500,100,300,0,0,1300,600,200,0,6700,0,5000,1000,1500,0,2000,0,1000,0,700,3,"Luchar por un aumento de beca ya que la situación económica es realmente fuerte, aun más para aquellos que presentan bajos recursos monetarios al mes"
95,09/11/1992,0,0,1,2009,3,8,0,3,13.222,0.9512,4,0,0,No,1,1500,16,6,1,2,No,No,No,No,3,2,3000,0,1000,2000,1500,1000,0,0,2000,2500,2500,355,10000,8000,12000,3000,0,0,2500,0,3500,2100,5000,5,Siempre son amables y responsables. Ojalá pudieran tener mas apoyo para poder hacer mas!
96,22/02/1991,0,0,1,2008,2,1,1,1,12.947,0.9267,0,0,0,No,2,1500,15,5,0,2,No,No,No,No,2,4,600,0,600,1000,500,1000,1000,0,1500,500,1000,1000,5622.48,3000,3000,1500,1000,1000,500,0,500,0,500,4,ES IMPORTANTE QUE EL HORARIO DE ATENCIO SEA MAS FLEXIBLE
97,19/02/1994,0,0,1,2011,0,6,0,4,13.824,0.9681,5,0,0,No,1,1500,23,7,0,2,No,No,No,No,4,3,1500,0,0,500,1000,0,0,0,1200,300,0,0,6750,0,3500,1500,0,o,1500,0,250,0,0,5,es excelente la atención recibida
98,09/11/1993,0,0,0,2011,3,6,0,1,12.171,0.9813,3,0,0,No,1,1500,15,5,0,1,No,No,No,No,3,4,1000,0,500,600,400,300,800,0,500,300,200,200,7500,5000,6000,1000,2000,2000,100,0,400,500,500,5,excelente trato
99,01/11/1990,0,0,1,2008,0,8,0,4,12.024,0.8378,2,1,1,Elevada carga horaria,1,1500,20,6,2,7,"urb horizonte, av petare, qta merpe, el marques",No,No,No,2,4,4000,0,500,2000,500,0,0,2500,700,0,0,300,15000,0,5000,500,2000,0,8000,0,1000,0,1000,5,"muy buen trabajo, graciaas"
100,27/02/1992,0,0,0,2010,3,7,0,2,13.782,0.9829,2,0,0,Problemas económicos,1,1500,12,2,1,2,No,No,No,No,2,2,1000,0,0,1400,760,0,0,0,150,0,60,130,6560,0,3000,460,800,0,0,0,800,0,1500,5,Me parece han realizado un excelente trabajo ya que proporcionan la información precisa y con antelación. 
101,21/11/1991,0,0,1,2008,0,6,0,4,12.706,0.7899,5,1,1,"Falta de tiempo para estudiar, Mala distribución del tiempo, Lejanía entre la residencia y la universidad",1,1500,5,5,0,2,No,No,No,No,2,3,2000,0,700,500,3500,0,0,0,1000,0,0,0,12749,3000,6500,6700,2000,0,0,0,100,0,349,4,Promover e informar mejor los servicios que OBE presta. 
102,22/11/1993,0,0,1,2011,2,7,0,5,13.806,0.9623,4,0,0,No,1,1950,16,6,0,1,No,No,No,No,3,5,600,500,0,1000,100,0,0,0,2000,1500,1000,300,180000,0,10000,300,0,0,1300,0,4000,350,4000,5,"Muy buena, la renovacion online ahorra mucho tiempo y hace el proceso de renovacion mas rapido y eficaz"
103,10/04/1993,0,0,0,2011,3,7,3,2,13.339,1,2,0,2,No,1,1500,15,5,0,2,Final Pasaje 11 Callle Carbonell Casa N 10 El Amparo Catia ,No,No,No,2,4,1000,0,500,1000,200,0,1000,0,500,300,0,0,5000,0,2000,500,300,1000,1000,0,200,0,0,5,"Como recomendación ofrecer becas a los estudiantes de licenciaturas muchos no tienen la posibilidad ni el tiempo de trabajar por horarios de estudios y trabajos en clínicas, mucha veces se ve forzado para otros no, lo ideal, es que se estudie cada caso según lo amerite el estudiante, en mi caso lo veo forzado salir de clases a las 12 m para ir corriendo a la clínica y salir a las 7 pm en que tiempo se descansa y se estudia o otros casos q trabajan de noche salir amanecidos para recibir clases por tal motivo no trabajo "
104,10/04/1993,0,0,0,2011,3,7,3,2,13.339,1,2,0,2,No,1,1500,15,5,0,2,Final Pasaje 11 Callle Carbonell Casa N 10 El Amparo Catia ,No,No,No,2,4,1000,0,500,1000,200,0,1000,0,500,300,0,0,5000,0,2000,500,300,1000,1000,0,200,0,0,5,"Como recomendación ofrecer becas a los estudiantes de licenciaturas muchos no tienen la posibilidad ni el tiempo de trabajar por horarios de estudios y trabajos en clínicas, mucha veces se ve forzado para otros no, lo ideal, es que se estudie cada caso según lo amerite el estudiante, en mi caso lo veo forzado salir de clases a las 12 m para ir corriendo a la clínica y salir a las 7 pm en que tiempo se descansa y se estudia o otros casos q trabajan de noche salir amanecidos para recibir clases por tal motivo no trabajo "
105,27/03/1992,0,0,1,2009,3,9,1,2,14.157,0.9722,4,0,0,No,1,1500,15,5,1,1,No,No,No,No,3,3,1500,2000,1000,1200,200,500,400,0,800,1200,1800,500,10500,6000,5000,800,2500,600,4000,0,500,1200,1200,5,Yo particularmente nunca he tenido problemas con este sistema...siempre están atentos a cualquier inconveniente y siempre lo solventan lo mas rápido posible.
106,06/04/1992,0,0,1,2010,0,7,0,4,13.969,0.9245,4,0,1,Problemas personales,2,1500,1,1,0,6,No,No,No,No,2,3,3000,0,0,1500,1000,0,0,0,600,500,500,400,16000,4000,7000,2000,3000,0,0,0,2000,1000,5000,5,"Expandir la hora para renovar las becas hasta las 3/4pm porque habemos muchos que no podemos ir en el horario entre las 8.30am y la 1.30pm debido a los laboratorios prácticos de la carrera, de los cuales no podemos salir, para dirigirnos a hacer la renovación. Si se expande la hora podemos ir a las 2pm cosa de no perder clases y cumplir con este requisito de renovación. "
107,31/05/1994,0,0,1,2012,3,2,0,3,12.128,0.6610,1,1,2,"Problemas familiares, Problemas económicos, Problemas de salud, Problemas vocacionales, Falta de tiempo para asistir a clases, Falta de tiempo para estudiar, Deficientes hábitos de estudios",2,1500,15,5,1,2,No,No,No,No,2,2,0,0,0,400,300,0,0,0,800,0,0,0,10630,0,7000,600,0,0,0,0,1000,1000,800,5,"Hasta ahora, todo excelente... Gente comprometida a prestar un servicio de calidad, se les agradece. "
108,26/03/1994,0,0,0,2012,3,6,1,2,12.381,1,3,0,0,No,2,1500,23,5,0,6,No,No,No,No,3,3,1000,0,300,200,300,0,0,0,200,400,0,200,10500,0,3000,2000,2500,0,0,0,1000,500,1500,5,Seguir con el buen servicio prestado.
109,13/11/1991,1,0,1,2010,3,7,0,4,13.981,0.9640,4,0,0,No,2,1500,8,5,1,2,No,No,No,No,2,2,1000,0,1000,1000,1000,0,0,0,1000,0,500,120,9668.20,0,1500,1000,0,0,2000,500,0,900,800,5,Seguir atendiendo con calidad humana 
110,09/07/1993,1,0,1,2011,3,7,0,4,15.688,1,5,0,0,No,2,1500,8,1,0,2,No,No,No,No,2,2,5000,0,0,2000,2500,0,0,0,1000,500,500,0,10000,12000,13000,4000,0,0,4000,0,1000,0,0,5,Ninguna
111,01/01/1994,0,0,1,2011,3,6,0,5,16.908,1,4,0,0,No,2,1500,8,5,1,6,Caracas. Municipio Libertador. Jardines del Valle,No,No,No,2,2,3500,0,0,2000,500,0,0,0,1500,500,500,0,12000,0,6000,1000,1500,0,1500,0,1500,500,0,5,Muchas gracias por su labor. Continúen así.
112,01/02/1993,0,0,1,2010,0,7,0,4,13.6,1,4,0,0,No,0,1500,8,1,0,2,"Guarenas, Edo. Miranda Urb. Oropeza Castillo, zona 1, vereda 14, casa1",No,"2015, ucv, falta de ingresos, ayuda economica",No,3,3,4000,500,1000,2000,1000,500,500,0,1000,1000,1000,0,15000,2000,4000,2000,1000,0,2000,0,400,0,1000,5,ha sido una excelente atención!! 
113,05/12/1992,1,0,1,2012,3,5,0,7,13.521,0.9452,4,0,0,No,1,1500,0,0,0,2,No,No,No,No,2,2,1800,2000,0,1600,1400,200,0,0,1300,250,0,300,6000,3000,4000,200,3000,0,0,0,600,0,300,5,"excelente servicio, se recomienda que sea mas automatico "
114,27/12/1990,1,0,1,2008,0,1,1,2,14.385,1,2,0,0,No,1,1500,0,0,1,6,No,No,No,No,2,2,1000,0,0,200,200,100,500,0,1000,0,0,500,7209.52,0,5000,100,109.52,0,1000,0,0,0,1000,4,"mejorar la comunicacion con los becarios, ya que me entere el ultimo dia que habia renovacion de la beca"
115,17/06/1993,0,0,1,2010,0,5,0,7,15.666,1,4,0,0,No,2,1500,15,5,1,2,No,No,No,No,6,4,500,0,500,500,0,0,0,0,1000,500,500,0,5622.48,2000,4000,500,1000,0,0,0,600,500,1000,4,Que sigan así!
116,13/12/2015,0,0,1,2008,0,1,1,2,13.920,1,2,0,2,No,1,1500,23,5,3,7,Plaza Venezuela,No,No,No,3,3,500,0,500,1000,50,0,0,150,200,400,0,50,8000,2000,9000,500,0,0,0,0,500,200,500,3,"FLEXIBILIZAR LOS HORARIOS DE ATENCION PARA LOS QUE ESTAMOS DE PASANTIAS

MANTENERNOS INFORMADOS"
117,30/06/1993,0,0,1,2009,0,5,0,5,13.5,1,4,0,0,No,2,1500,24,5,3,0,caracas san agustin del norte esquina arismendi,No,No,No,3,3,1500,0,0,700,200,100,0,1500,300,200,0,0,5660,0,3860,300,0,0,0,0,0,0,0,4,ninguna
118,24/06/1991,0,0,1,2010,0,8,0,4,13.621,1,5,0,0,No,1,1500,14,4,1,6,No,No,No,No,6,3,500,0,500,1500,300,1000,0,0,3000,600,600,600,3000,2000,3000,0,3000,0,0,0,1000,3000,1000,4,"deben ser preguntas mas claras y no pedir tantos monto, ya que con la situación del país se hace difícil discernir cuanto se gasta.  "
119,12/07/1994,0,0,0,2012,3,2,0,4,10.333,0.5333,2,0,2,No,1,1500,15,5,1,2,"AV. LEONARDO RUIZ PINEDA RES. HORNOS DE CAL TORRE C PISO 5 ,APTO. 58C, SAN AGUSTIN DEL SUR.",No,No,No,2,4,3000,0,0,1500,680,2000,2000,0,2000,1500,0,750,6000,2000,4000,880,3500,4000,2500,300,700,300,1000,5,No tengo ninguna sugerencia y recomendación 
120,18/08/1994,0,0,1,2011,3,5,0,6,14.423,1,3,0,0,No,1,1500,15,5,2,2,Av. Almamater. Edificio Romeo. Piso 6. Apartamento 136,No,"Año: 2013. Institucion: OBE. Motivo: ayuda económica para rehabilitación (fisioterapia), ya que me atropello una moto.",No,3,2,1500,0,0,1200,180,0,0,3500,400,1000,0,200,7265,5000,5000,300,1500,0,0,3500,300,0,200,5,"Sigan prestando su servicio como lo han hecho hasta ahora, ya que su trabajo ayuda a muchos estudiantes que lo necesitamos."
121,26/06/1994,0,0,0,2011,3,6,3,2,11.800,0.9722,3,0,0,No,1,1500,3,5,1,6,No,No,No,No,3,3,3000,0,1000,3000,1200,0,0,0,2800,2500,1500,2000,8656,3500,5000,3000,0,0,800,0,300,150,2500,3,dar mas días para entregar los recaudos de renovacion.
122,23/07/1993,0,0,0,2010,3,7,0,2,13.565,0.9829,2,0,0,Mala distribución del tiempo,2,1500,15,5,1,2,No,No,No,No,2,2,1000,0,0,550,200,0,0,0,1300,0,0,250,8500,0,2500,500,300,0,0,0,1000,1300,1500,5,excelente el servicio. 
123,31/05/1993,0,0,1,2010,0,6,0,4,15.7,1,5,0,0,No,1,1500,8,1,0,1,No,No,No,No,2,3,800,200,0,2000,1500,1800,1000,0,3000,1500,1000,500,9570,4000,5000,2000,1800,1000,2000,0,500,2500,800,4,Que la trabajadora social envie correos con la actualización de la beca
124,14/12/1992,0,0,1,2013,3,4,0,5,11.700,0.5128,2,1,2,"Problemas personales, Deficientes hábitos de estudios, Deficiente formación del bachillerato, Mala distribución del tiempo",1,1500,17,5,2,7,Calle la providencia Edf Mary Piso 2 Apto 4. El cementerio,No,No,No,3,3,2500,0,1500,1500,200,0,0,1500,1500,300,200,200,6747,2000,2300,0,2500,0,0,0,100,0,2000,5,"Algunas personas no poseen Internet, por ello en la cartelera de las Escuelas deberían colocar mas información de las actividades o alguna jornada que este realizando OBE"
125,15/08/1994,0,0,1,2011,0,6,0,4,16.337,1,6,0,0,No,1,1500,15,5,1,2,No,No,No,No,2,2,1500,0,0,900,300,0,0,0,1300,500,0,0,6137,0,3000,1000,0,0,1100,0,1000,0,0,5,me parece muy buena su atención prestada 
126,27/08/1992,0,0,1,2012,0,5,0,7,15.42,0.9452,5,0,0,No,1,1500,0,0,1,4,"los Teques, municipio Guaicaipuro, urbanización El Paso bloque 2 edificio 2 piso 3 apartamento 04",No,No,No,2,4,300,0,0,0,300,0,0,0,300,1000,0,200,5418,0,3500,300,0,0,0,0,1000,200,150,4,"ojala pudieran tener presupuesto para que todos sus servicios funcionaran sin problemas, por ejemplo odontologia"
127,15/02/1993,0,0,1,2011,3,6,0,4,13.693,0.8980,5,0,0,No,2,1500,0,0,1,2,No,No,No,No,2,2,1500,0,0,1000,500,0,0,0,800,0,300,0,10000,0,3000,500,0,0,0,0,1000,2500,0,3,muy larga
128,30/10/1993,0,0,1,2011,0,2,0,5,13.5,0.8182,3,2,0,No,2,1500,15,5,1,2,No,No,"Año:2014 
Institucion: OBE
Motivo: Compra de materiales de estudio. ",No,2,4,2000,0,0,1000,500,0,700,0,1500,500,0,0,8000,0,3000,500,2000,0,2000,0,500,0,500,4,..
129,08/04/1994,0,0,1,2011,0,7,0,6,14.424,1,4,0,0,No,1,1500,16,6,0,1,No,No,No,No,2,4,400,0,0,0,250,0,0,0,500,600,200,0,7600,5600,10000,500,0,0,0,0,200,0,1100,5,Estoy de acuerdo con la atención prestada
130,23/03/1993,0,0,1,2011,3,5,0,5,13.065,1,5,5,0,No,1,1500,8,1,1,2,No,No,No,No,2,3,1000,0,0,0,500,0,0,0,700,1000,0,300,8000,3000,7000,500,1500,0,0,180,310,400,1110,4,Enviar un mensaje un día para recordar si se tiene un cita con el trabajador social
131,26/05/1993,0,0,0,2010,3,6,1,2,12.238,0.8400,3,0,0,No,1,1500,15,5,0,2,No,No,No,"Recreación, algunos fines de semana (poco frecuente por falta de tiempo).",2,4,9000,1500,0,0,500,0,950,0,700,1000,0,0,9000,0,5000,2000,0,0,0,0,0,0,0,5,Las veces que me he dirigido hasta allá he recibido una atención de calidad.
132,22/01/1994,0,0,0,2012,3,5,0,3,12,0.9535,4,0,0,No,0,1500,15,5,0,3,No,No,No,No,3,1,300,0,0,3000,300,0,0,0,500,300,0,300,2457.02,0,5000,300,0,0,0,0,500,0,500,5,me gustaria que la difusion de la de avisos tales como la renovacion de becas u alguna otra informacion  sea con mayor tiempo de antelacion para que el estudiante tome las medidas necesarias
133,12/09/1994,0,0,1,2012,3,4,0,5,15.69,1,5,0,0,No,1,1500,24,5,0,2,No,No,No,No,2,4,500,0,200,2000,600,0,0,0,400,300,0,200,6000,0,4500,700,500,0,0,0,200,0,1500,5,"Me parece que el servicio es muy bueno no tengo ninguna recomendación, me parece que la trabajadora actual es excelente. "
134,06/12/1994,0,0,1,2012,0,5,0,6,12.500,0.8696,4,0,1,Problemas personales,1,1500,24,5,0,1,No,No,No,No,3,6,1400,0,0,1500,200,0,0,0,700,500,0,0,16043.76,0,9000,2700,0,0,3000,0,1000,0,343.76,4,Mayor seguridad para la oficina de OBE 
135,18/02/1993,0,0,1,2011,2,5,0,5,13.157,0.800,4,0,1,"Problemas familiares, Problemas económicos, Falta de tiempo para estudiar, Elevada carga horaria, Mala distribución del tiempo, Lejanía entre la residencia y la universidad",2,1500,7,7,1,6,los valles del tuy. Edif virgen del valle. sabana de la cruz. apartamento 3,olvido de clave,No,No,0,1,0,1500,0,500,500,600,400,300,200,200,100,100,2000,0,500,500,600,400,200,0,100,200,100,5,no tengo sugerencias
136,01/12/1993,0,0,1,2012,0,5,0,6,14.320,0.9176,5,0,0,No,1,1500,10,5,2,7,"Municipio Libertador, Parroquia San Pedro. Urb. Valle Abajo, Residencias Valle Abajo, Torre F Piso 4, Apto 4-1.",Por venta de la casa.,No,No,3,5,4000,0,1500,1000,100,0,0,5000,600,300,0,0,6500,3000,2000,200,450,0,150,2500,350,0,300,4,mejorar un poco los horarios de atención.
137,12/06/1991,0,0,0,2013,3,4,0,4,14,1,5,0,5,No,2,1500,13,3,0,1,No,No,No,No,2,2,300,200,100,1000,200,300,0,0,500,0,0,100,6000,0,3000,600,0,0,2000,0,0,0,0,4,"aumentar la beca. De resto, es un buen servicio."
138,01/03/1993,0,0,1,2009,0,6,0,5,11.686,0.7155,4,0,1,Problemas de adaptación de la UCV,2,1500,5,3,1,1,"Av. Principal San Souci con Av. Francisco Solano, Municipio Cacao, Edf. Mijao, PB, Apart. #3.",No,No,"Secretaria, sólo los sábados medio turno.",2,1,3600,2000,2800,3000,500,1500,600,0,2000,1500,500,120,6747,10000,8000,500,3000,600,0,3000,600,1000,0,4,Sugiero que el monto de la beca llegue completo al momento de que el Presidente aumente el monto de la beca.
139,11/04/1994,0,0,1,2012,0,5,0,6,11.857,0.7887,4,1,0,No,1,1500,8,1,0,1,No,No,No,No,2,3,600,0,0,0,400,0,800,0,800,0,0,200,6852.08,0,4000,800,0,1400,0,0,250,0,600,4,Resguardar información importante en lugares seguros..
140,07/09/1993,0,0,0,2010,0,6,1,1,14.371,1,3,0,0,No,1,1500,23,7,0,1,No,No,No,No,2,5,500,0,500,500,150,500,500,0,500,500,0,0,7500,0,5000,1000,1000,0,0,0,0,0,500,5,Buena atención y puntualidad en los pagos... Gracias
141,04/02/1995,0,0,0,2012,0,4,0,4,14.0862,1,5,0,0,No,0,15000,15,5,0,2,No,No,No,No,2,6,2000,0,0,500,500,0,0,0,600,1000,1000,300,7721.56,3000,6000,1500,0,0,0,0,1000,0,1500,4,Realizar jornadas de las q ofrece OBE en la Escuela de Enfermería
142,28/02/1992,0,0,1,2010,3,4,0,3,12.78,0.4842,3,1,1,Lejanía entre la residencia y la universidad,1,1500,5,0,0,2,No,No,No,No,2,2,2000,0,0,0,2000,0,0,0,1500,0,0,0,7000,0,3000,4000,0,0,0,0,0,0,0,5,lo estan haciendo muy bien. felicidades
143,18/02/1993,1,0,0,2010,0,7,0,2,14.539,0.9664,2,0,0,No,1,1500,0,0,0,1,No,No,No,No,3,8,4000,2400,500,2800,500,500,0,0,2000,1000,1000,500,55635.46,2000,15500,2000,8780,2000,3000,5324,5650,2250.45,9950,5,"Realmente, el proceso es muy satisfactorio y mucho mas al agregar la deficiencia presupuestaria del pais. La calidad de servicio es de las mas alta y profesional. "
144,25/05/1995,0,0,0,2014,3,3,0,5,14.909,1,5,0,0,No,1,1500,0,0,0,1,No,No,No,No,3,4,1000,0,0,600,400,0,0,0,700,300,0,500,25000,8000,10000,1000,2500,800,3000,1000,800,0,4900,4,Colocar una ofinica de obe en la escuela de enfermeria 
145,17/06/1993,0,0,0,2011,0,6,0,2,14.841,1,3,0,0,No,1,1500,24,5,0,2,No,No,No,No,2,3,1000,0,0,800,250,150,0,0,800,300,0,200,425140,0,1500,500,700,0,1000,0,300,0,250,5,"ninguna por el momento, ya que que no tengo queja sobre la calidad de los servicios ofrecidos."
146,12/04/1993,0,0,1,2011,3,6,0,4,15.49,1,5,0,0,No,2,1500,15,5,1,1,EL PARAISO ,No,No,No,1,2,4000,0,200,900,500,500,500,0,2000,1000,500,200,8773759,2000,5000,1000,0,500,2000,0,500,500,1000,5,EXCELENTE 
147,29/10/1992,0,0,0,2010,0,7,0,2,12.63,0.92,2,0,0,No,1,1500,4,5,0,6,No,No,No,No,4,3,2000,0,0,1500,1000,0,0,0,700,500,500,300,9680,0,4000,2000,3000,0,0,0,1000,0,2500,5,Que se continúe realizando la recepción de documentos en nuestra escuela ya que resulta mas fácil por horario que podamos realizar el tramite de la renovación. También que la trabajadora social tenga un espacio en la Escuela de Enfermería destinado a la atención de becarios y de mas información referente a OBE.
148,19/07/1993,0,0,1,2011,3,7,0,4,14.8,1,4,0,0,No,1,1500,23,7,0,2,No,No,No,No,2,2,2000,0,0,1000,500,0,0,0,1500,500,0,0,15060,0,8000,800,1500,0,0,0,1000,0,3000,4,Continuar ofreciendo la ayuda y orientacion a los estudiantes.
149,04/09/1992,0,0,0,2010,3,7,0,2,12.130,0.8156,2,0,0,No,1,1500,16,6,0,2,No,No,No,No,2,4,1000,0,0,1000,1000,800,1000,0,1000,800,0,160,6200,1500,36000,1000,800,1000,0,0,200,0,300,5,no tengo nada que acotar debido a que desde que obtuve este beneficio la atención a sido eficiente
150,21/03/1993,0,0,0,2014,0,3,0,5,15.555,1,5,0,0,No,1,1500,16,6,0,2,No,No,No,No,2,4,1000,0,0,300,400,0,0,0,800,800,0,200,8000,0,3000,500,1000,0,2500,0,500,0,500,5,"El servicios es bueno, lo único que tiene que mejor es que a todos le lleguen la información de las renovaciones al correo. "
151,07/12/1993,1,0,1,2011,0,5,0,7,15.18,1,4,0,0,No,1,1500,25,5,1,7, Plaza La concordia. Parroquia Santa Teresa. Centro,No,No,No,2,2,3500,0,0,1500,250,0,0,3000,250,0,0,0,15000,0,8000,1000,2000,0,2000,0,1000,0,1000,4,ser un poco mas amables con las personas.
152,21/04/1994,0,0,0,2011,3,7,0,2,15.617,1,1,0,0,No,1,1500,15,5,0,2,No,No,No,No,2,2,500,0,0,400,150,0,0,0,300,600,400,150,9600,0,5000,500,1000,0,1800,0,100,0,1200,1,Muy buena atención por parte de nuestra trabajadora social. sin inconvenientes
153,04/02/1994,0,0,1,2011,0,7,0,5,16.461,1,5,0,0,No,1,1500,9,5,1,6,No,No,No,No,3,5,2000,0,500,1000,300,0,0,0,1200,500,600,200,10500,2000,7000,600,1500,0,0,0,800,0,800,5, muy buena la atencion agradecida con la ayuda que mensualmente me brindan 
154,20/02/1994,1,0,1,2011,3,5,0,7,15.101,1,4,0,0,No,2,1500,8,1,0,2,No,No,No,No,2,5,1300,0,0,600,1000,0,0,0,1000,200,0,0,22600,0,8000,2000,3500,1000,975,153,500,100,500,4,Mandar correos con información acerca de los distintos servicios y beneficios ofrecidos por la universidad. Y sobre los cambios en la beca.
155,23/06/1994,0,0,0,2012,3,5,0,3,15.463,1,4,0,0,No,2,1500,15,5,1,2,No,No,No,No,2,3,500,0,0,500,150,0,0,0,1200,150,0,0,19400,0,4400,500,0,0,10000,3000,1000,0,500,5,"No tengo ninguna sugerencia ni recomendacion, es un buen servicio para la situacion economica que se vive en el pais, estoy agradecida con mi beca y con el servicio que me presta la universidad"
156,07/04/1994,0,0,0,2012,0,5,0,3,14.634,1,4,0,0,No,2,1500,15,5,0,2,No,No,No,No,2,3,1000,0,0,400,500,0,0,0,1600,0,0,0,5247,5622,7400,1000,1000,0,469,0,300,0,700,5,deberían colocar una oficina de OBE en la escuela de enfermería :)
157,09/05/1993,0,0,0,2010,3,7,0,2,12,0.98,2,0,0,No,1,1500,16,6,1,6,No,No,No,No,6,4,1000,0,0,0,400,0,0,0,800,800,500,0,5300,0,3000,400,0,0,0,800,600,500,0,4,Dar mayor informacion cuando no se cancela el pago de la beca a tiempo y el por que...y los retroactivos!
158,14/12/1993,0,0,1,2012,0,6,0,4,16.582,1,5,0,0,No,1,1500,0,0,1,2,No,No,No,No,2,1,500,300,0,450,200,200,0,0,600,500,300,50,8000,1000,3500,1000,1200,1000,0,0,200,700,400,5,"La atención recibida fue bastante buena, como recomendación que sigan trabajando por tener un sistema cada vez mas beneficioso. "
159,17/11/1993,0,0,0,2012,3,5,0,3,15.73,1,4,0,0,No,1,1500,15,5,0,1,No,No,No,No,2,2,1200,0,0,1500,250,100,0,0,350,400,100,0,5175,4000,3800,1400,1000,0,600,0,700,0,400,4,"La labor realizada por la trabajadora social de la escuela de Enfermería es muy eficiente y responsable. sin embargo, se sugiere establecer una fecha fija para el depósito de la beca e incluir los pagos atrasados"
160,24/05/1994,0,0,1,2011,0,5,0,6,16.533,1,5,0,0,No,2,1500,8,1,1,6,No,No,No,No,2,3,2000,0,0,850,1400,400,0,0,600,0,0,250,10000,0,3000,3200,1400,720,0,680,300,400,300,5,todo está bastante bien...!
161,18/09/1995,0,0,1,2013,0,4,0,5,15.673,1,5,0,0,No,1,1500,16,6,1,6,Palo verde. Calle Jose Feliz Ribas. Residencias Jose Gregorio Hernandez. Torre A. Piso 3. Apartamento 34,No,No,No,2,2,1000,0,1000,2000,500,0,0,0,300,300,0,0,9443,4400,4000,1000,5000,0,0,0,0,600,0,4,Espero que los problemas en cuanto al aumento de la beca se solventen pronto. En lo demás no tengo quejas. 
162,08/11/1995,0,0,0,2012,0,5,0,3,14.375,1,4,0,0,No,1,1500,15,5,1,1,No,No,No,No,3,4,400,0,0,0,800,0,0,0,600,400,0,0,13143,0,5000,1600,0,0,0,0,1000,1800,3743,4,"Deberían estar mas tiempo en cada escuela, específicamente las sedes que quedan retiradas de la oficina principal de la OBE. "
163,09/02/1994,0,0,1,2011,0,6,0,5,13.082,0.876,4,0,1,"Problemas familiares, Mala distribución del tiempo",2,1500,11,6,1,6,No,No,No,No,6,3,0,400,2000,800,72,0,700,0,1000,500,300,200,5622,2000,7000,100,300,0,0,121,547,0,0,5,"Considero que la atención es acorde, con un trato grato y  satisfactorio.  "
164,01/11/1995,0,0,1,2013,0,4,0,6,13.211,1,5,0,0,No,2,1500,19,6,2,7,Av Sanz calle convento II El Marques Edo. Miranda,No,No,No,2,4,7000,0,0,1000,150,0,0,5000,500,0,350,0,7381,0,3000,0,0,0,0,0,0,0,4000,5,Tal vez extender un poco el horario de atencion.
165,27/10/1995,0,0,0,2014,0,3,3,5,13.805,1,5,0,0,No,1,1500,15,5,1,1,No,No,No,No,1,3,1000,0,500,0,500,0,0,0,2000,0,0,500,8400,5000,4000,1000,4000,0,1300,2000,700,800,0,5,"Realmente la atención prestada es bastante satisfactoria, el personal es sumamente amable y cordial.

La única sugerencia seria ver si se podría hacer un comunicado para aumentar un poco más la beca estudio ya que hoy en día todo se ha encarecido bastante.

Muchas Gracias por la ayuda prestada."
166,25/09/1994,0,0,1,2012,3,4,0,6,15.272,1,6,0,0,No,0,1500,12,2,0,2,No,No,No,No,2,2,1000,0,0,0,400,0,800,0,300,1000,300,200,9828,0,6000,1000,0,1000,0,0,1200,0,900,5,Estoy a gusto con su atención. 
167,01/06/1994,0,0,0,2011,3,7,0,2,12.808,1,2,0,0,No,1,1500,15,5,1,1,No,No,No,No,1,1,0,0,0,800,300,150,0,0,600,800,0,200,11200,0,6000,500,4000,1500,0,200,1000,400,600,5,"Sigan así, claro y entendible."
168,20/05/1994,0,0,1,2012,0,4,0,5,15.923,1,5,0,0,No,2,1500,8,1,1,1,No,No,No,No,3,3,4000,0,0,0,2200,900,0,0,1600,800,0,0,5622,5100,4500,500,4000,0,1030,0,292,400,0,5,Muy buen trabajo. Continuar con la buen desempeño en el Servicio ofrecido a toda la comunidad estudiantil.
169,14/12/1994,0,0,0,2013,3,2,1,3,10.904,0.8077,1,1,1,"Problemas personales, Problemas familiares, Falta de tiempo para estudiar",1,1500,15,5,0,2,No,No,No,No,2,3,1500,0,0,300,300,1000,0,0,1000,0,0,170,13700,0,7000,1000,2000,0,1500,0,1000,0,200,5,"La presente organización presta un buen servicio, la cual agradezco. En este momento no tengo alguna sugerencia o recomendación que pueda aportar, en el momento de tener alguna se los haré saber, muchas gracias por su atención."
170,09/01/1994,0,0,0,2011,3,5,0,1,13.489,0.9143,2,0,1,"Problemas personales, Problemas con el/la docente",1,1500,15,5,1,1,No,No,No,No,2,3,2000,0,0,1400,600,0,0,0,900,0,300,300,10000,4000,9000,2000,0,0,0,0,2000,1000,0,4,Alargar el plazo de entrega de recaudos para la renovación de la beca a 1 semana. Avisar con más tiempo de anticipación la fecha de la renovación de la beca para así recaudar los documentos necesarios con tiempo.
171,03/08/1994,0,0,0,2011,3,7,0,2,13.46,1,2,0,0,No,1,1500,15,5,1,1,No,No,No,No,2,4,1000,0,0,1000,600,200,400,0,100,300,100,100,13312,0,8500,1200,1000,1000,0,0,600,400,2000,5,"Hasta ahora me ha gustado la facilidad del proceso, espero se mantenga así."
172,21/09/1994,0,0,0,2011,3,3,3,5,11.763,0.8261,3,0,0,No,2,1500,15,5,0,6,No,No,No,No,6,5,500,800,500,1000,544,900,0,0,2000,500,900,2160,14810,9000,10600,1124,6700,0,200,0,1690,0,1431,5,es muy buena su atención. han pagado los días correspondientes. que era la única queja que se tenia.
173,15/08/1996,0,0,1,2013,3,3,0,4,12.700,0.5556,1,0,4,"Problemas personales, Falta de tiempo para estudiar",2,1500,15,5,1,1,No,No,No,No,2,3,400,0,0,0,400,0,300,0,400,400,0,300,8866.27,0,3000,1000,900,1000,1000,0,1000,500,370,3,realizar mas jornadas en la universidad 
174,21/10/1995,0,0,1,2014,3,2,0,6,13.458,0.889,4,0,0,No,2,1500,15,5,0,1,No,No,No,No,2,4,2500,0,0,1500,500,600,0,0,1000,1000,600,300,13414,6000,12000,2000,1500,0,1500,200,800,0,2500,4,ninguna me parece muy buena su atencion
175,14/09/1995,0,0,0,2013,3,3,3,4,13.333,1,5,0,0,No,2,1500,16,6,0,2,No,No,No,No,2,1,2000,0,0,0,800,0,0,0,1000,0,1000,0,6800,3000,4000,1300,1500,0,0,0,500,0,0,5,"Ninguna Sugerencia o Recomendación, sus atenciones han sido  Excelentes "
176,16/09/1996,0,0,1,2013,3,1,0,3,12.7,0.3571,2,0,3,"Problemas vocacionales, Deficiente formación del bachillerato, Mala distribución del tiempo",2,1500,24,5,0,1,No,No,"fecha:2014
instituto:OBE
compras de material de estudio",No,3,4,1000,0,0,2000,500,0,0,0,1500,0,0,0,5909.3,2000,3000,1000,2000,0,1000,0,500,0,500,4,mejorar el servicio en OBE
177,11/10/1996,1,0,1,2014,0,2,0,5,16.600,1,5,0,0,No,1,1500,25,6,2,0,"Sta. Eduvigis, Municipio Sucre, Caracas.",No,No,No,3,2,4000,0,4000,3000,400,2000,1200,6500,2070,1300,400,760,12054.50,10000,4500,300,2000,0,0,1700,700,250,1800,5,"Todo me parece bien, cómodo y sencillo, bien explicado y resumido."
178,17/06/1996,0,0,0,2014,2,2,0,5,12.352,0.5313,2,0,3,Elevada carga horaria,1,1500,12,2,1,1,No,No,No,No,1,1,1000,0,0,1000,80,0,0,0,1000,420,0,0,13500,17879,10000,800,700,0,0,2000,1512,3500,0,3,Tener más amabilidad con los estudiantes
179,24/10/1996,1,0,1,2014,2,3,0,4,13.936,1,4,0,0,No,2,1500,15,5,1,2,"(Vivienda propia), urbanización Raúl Leoni Casalta 3, residencias Salto Ángel bloque 8 piso 11, apartamento 06 - Propatria",No,No,No,2,4,1200,0,500,400,500,300,1200,0,2000,1000,450,250,8138,0,7000,1200,2190,1500,4000,0,300,200,0,5,"informar a los estudiantes acerca de la ubicación de las oficinas, debido a que muchos no saben."
180,03/03/1996,0,0,0,2014,3,3,3,5,15.027,1,5,0,1,Problemas de salud,1,1500,8,1,0,4,No,No,"solicitud 2015 en el instituto OBE , motivo ayuda economica para gastos de la universidad (libro, pasaje, equipo de enfermeria, etc)",No,2,3,500,0,300,500,1000,1000,2500,0,3000,1000,1000,1000,5600,2000,5000,3000,1500,2500,0,2000,2000,0,2000,5,hasta los momentos todo marcha excelente
181,03/03/1995,0,0,1,2012,0,4,0,5,15.000,1,5,1,0,No,1,2000,11,5,3,7,Distrito Libertador. Municipio Libertador URB. La campiña Calle los mangos. Residencia Villa Magna piso 02,No,No,No,3,5,6500,0,0,1800,500,0,0,5000,600,400,0,200,19266,0,8500,400,1000,0,0,0,1000,0,1500,4,"Me parece que la atención es muy buena, fueron muy cordiales."
182,20/03/1996,0,0,1,2014,0,3,0,5,14.750,1,4,0,0,No,2,1500,15,5,0,1,No,No,No,No,3,4,2000,0,0,1500,300,0,0,0,150,600,0,100,13871,5622,16000,1000,0,0,0,0,1000,0,6000,5,Es mi primera renovación. La beca me a ayudado a cubrir parte de mis gastos.
183,03/07/1995,0,0,1,2012,3,4,0,6,14.581,1,6,0,0,No,1,1500,15,5,1,2,No,No,No,No,3,3,600,0,0,1000,100,500,0,0,500,600,0,0,8100,0,12000,500,2000,0,0,0,500,450,400,5,excelente atencion
184,12/05/1995,0,0,0,2013,0,4,0,4,13.413,1,5,0,0,no eh reprobado materias,2,1500,25,6,1,7,urbanizacion el marques av sanz edificio bremen piso 4 apartamento 44,No,No,No,2,1,1500,0,0,500,200,500,0,3500,1000,500,0,80,5650,0,500,200,2000,0,0,1000,0,0,100,4,ninguna. el metodo actual es realmente eficaz.
185,19/11/1996,0,0,0,2014,3,2,0,5,14.117,1,5,0,0,No,1,1500,15,5,1,6,No,No,"año 2014, OBE, solicitada para cubrir parte de los gastos mensuales estudiantiles",No,6,4,1000,0,0,1000,800,1000,0,0,2000,1500,200,200,15000,1200,12000,1000,3000,0,2500,0,2000,2000,2100,3,que las jornadas duren mas tiempo
186,30/03/1995,0,0,0,2012,0,5,0,3,14.597,1,4,0,0,No,1,1500,15,5,0,1,No,No,No,No,2,3,1300,0,0,1600,300,100,0,0,350,350,100,0,6537,3400,6000,1100,450,0,0,0,400,200,487,4,"El servicio brindado a través de la trabajadora social es bueno,con grata atención, responsabilidad y puntualidad. Los pagos se realizan siempre durante la fecha estipulada, aunque aun no se ha recibido el aumento becario."
187,29/08/1996,0,0,0,2014,0,3,0,5,15,1,5,0,0,No,1,1500,23,7,0,2,No,Enfermedad de mi mamá,No,No,2,1,0,0,2000,0,1320,0,0,0,300,300,0,250,0,3000,2500,200,0,0,0,0,300,0,0,5,"La atención me parece totalmente agradable y satisfactoria, por lo que no es necesario una mejora."
188,02/08/1996,0,0,1,2014,0,2,0,4,11.4,0.3845,3,0,2,"Problemas económicos, Problemas de salud",3,1500,10,2,2,0,colinas de Bello Monte av-Caurimare edf-san antonio de padua piso uno apartamento uno,No,No,No,2,3,3000,0,5000,1000,500,1000,500,5000,1500,0,0,0,787344,0,2000,1000,2500,0,600,0,650,0,1000,3,..
189,19/10/1994,0,0,1,2012,0,6,0,4,14.314,0.9674,7,0,0,No,1,1500,15,5,0,2,No,No,No,No,2,3,1000,0,0,500,600,0,0,0,500,500,200,200,6126,0,3000,1200,1000,0,0,0,500,0,400,5,extender el horario de atención
190,07/01/1991,1,0,1,2012,3,5,0,7,16.449,1,4,0,0,No,1,1500,0,0,0,1,No,No,No,No,2,4,2000,0,200,1500,2300,0,0,0,700,0,110,200,14000,6000,10000,3000,3000,0,500,0,2000,300,800,5,"Informar con anticipaciòn el proceso de renovaciòn,ya que la constancia de trabajo demora dos semanas en ser emitida por la secretaria del dador de trabajo."

